ISO-10303-21;
HEADER;
FILE_DESCRIPTION (( 'STEP AP214' ),
    '1' );
FILE_NAME ('hd hex motor v3(Mirror)-0.step.STEP',
    '2025-11-14T18:51:51',
    ( '' ),
    ( '' ),
    'SwSTEP 2.0',
    'SolidWorks 2023',
    '' );
FILE_SCHEMA (( 'AUTOMOTIVE_DESIGN' ));
ENDSEC;

DATA;
#1 = ORIENTED_EDGE ( 'NONE', *, *, #875, .T. ) ;
#2 = CARTESIAN_POINT ( 'NONE',  ( 1.872251961658249586, -7.836778588237780951, -4.347968157415939672 ) ) ;
#3 = ORIENTED_EDGE ( 'NONE', *, *, #993, .F. ) ;
#4 = ORIENTED_EDGE ( 'NONE', *, *, #2042, .T. ) ;
#5 = EDGE_LOOP ( 'NONE', ( #2197, #1686, #274, #1055 ) ) ;
#6 = ADVANCED_FACE ( 'NONE', ( #1793 ), #2102, .F. ) ;
#7 = DIRECTION ( 'NONE',  ( 0.000000000000000000, 1.000000000000000000, 0.000000000000000000 ) ) ;
#8 = FACE_OUTER_BOUND ( 'NONE', #719, .T. ) ;
#9 = CARTESIAN_POINT ( 'NONE',  ( -0.3875198833871060233, -7.836778588237780951, -1.588486666581480078 ) ) ;
#10 = CARTESIAN_POINT ( 'NONE',  ( 2.524325295499189714, -8.436778588237778820, -2.392273626418719878 ) ) ;
#11 = CARTESIAN_POINT ( 'NONE',  ( 2.450171808047289623, -7.836778588237780951, -3.413064225003989982 ) ) ;
#12 = EDGE_LOOP ( 'NONE', ( #890, #381, #123, #215 ) ) ;
#13 = ADVANCED_FACE ( 'NONE', ( #901 ), #389, .F. ) ;
#14 = CARTESIAN_POINT ( 'NONE',  ( 2.450171808047289623, -8.436778588237778820, -3.413064225003989982 ) ) ;
#15 = CARTESIAN_POINT ( 'NONE',  ( -0.4780883935556139996, -8.436778588237778820, -3.924048352743220391 ) ) ;
#16 = CARTESIAN_POINT ( 'NONE',  ( 0.09189496285700624045, -7.836778588237780951, -4.119330387891888101 ) ) ;
#17 = ORIENTED_EDGE ( 'NONE', *, *, #165, .T. ) ;
#18 = CYLINDRICAL_SURFACE ( 'NONE', #1351, 0.4012853364081459540 ) ;
#19 = DIRECTION ( 'NONE',  ( 0.8853323061113567150, 0.000000000000000000, 0.4649588237204959063 ) ) ;
#20 = CARTESIAN_POINT ( 'NONE',  ( 1.209016413797640244, -7.836778588237780951, -1.246398340795749959 ) ) ;
#21 = CARTESIAN_POINT ( 'NONE',  ( 2.006905811666679806, -8.436778588237778820, -1.399826870206120066 ) ) ;
#22 = VERTEX_POINT ( 'NONE', #205 ) ;
#23 = CYLINDRICAL_SURFACE ( 'NONE', #616, 0.1250000000000001943 ) ;
#24 = ORIENTED_EDGE ( 'NONE', *, *, #671, .F. ) ;
#25 = VECTOR ( 'NONE', #2263, 100.0000000000000142 ) ;
#26 = ORIENTED_EDGE ( 'NONE', *, *, #39, .T. ) ;
#27 = FACE_OUTER_BOUND ( 'NONE', #620, .T. ) ;
#28 = AXIS2_PLACEMENT_3D ( 'NONE', #902, #1077, #1583 ) ;
#29 = CARTESIAN_POINT ( 'NONE',  ( -0.3797191066144509630, -8.436778588237778820, -1.574894791381280301 ) ) ;
#30 = DIRECTION ( 'NONE',  ( 0.000000000000000000, -1.000000000000000000, 0.000000000000000000 ) ) ;
#31 = CARTESIAN_POINT ( 'NONE',  ( 2.477893682491040028, -8.436778588237778820, -3.399398466833809973 ) ) ;
#32 = VERTEX_POINT ( 'NONE', #911 ) ;
#33 = EDGE_CURVE ( 'NONE', #2098, #1696, #1465, .T. ) ;
#34 = ORIENTED_EDGE ( 'NONE', *, *, #1128, .F. ) ;
#35 = AXIS2_PLACEMENT_3D ( 'NONE', #444, #1499, #961 ) ;
#36 = DIRECTION ( 'NONE',  ( 1.224646799147339895E-16, -1.000000000000000000, -1.383924205152736049E-30 ) ) ;
#37 = VECTOR ( 'NONE', #425, 100.0000000000000142 ) ;
#38 = ORIENTED_EDGE ( 'NONE', *, *, #1219, .T. ) ;
#39 = EDGE_CURVE ( 'NONE', #1595, #821, #1996, .T. ) ;
#40 = FACE_OUTER_BOUND ( 'NONE', #579, .T. ) ;
#41 = FACE_OUTER_BOUND ( 'NONE', #1210, .T. ) ;
#42 = AXIS2_PLACEMENT_3D ( 'NONE', #1218, #1461, #2088 ) ;
#43 = CARTESIAN_POINT ( 'NONE',  ( -0.8733722316236236516, -7.836778588237780951, -2.819038404043832102 ) ) ;
#44 = CARTESIAN_POINT ( 'NONE',  ( 1.126556878884320101, -7.836778588237780951, -4.468190137170320320 ) ) ;
#45 = DIRECTION ( 'NONE',  ( -1.224646799147339895E-16, 1.000000000000000000, 1.325286320771320103E-30 ) ) ;
#46 = DIRECTION ( 'NONE',  ( 0.8853323061113569370, 0.000000000000000000, 0.4649588237204952956 ) ) ;
#47 = ORIENTED_EDGE ( 'NONE', *, *, #1753, .F. ) ;
#48 = ORIENTED_EDGE ( 'NONE', *, *, #774, .T. ) ;
#49 = CARTESIAN_POINT ( 'NONE',  ( -0.4835645076743420034, -8.436778588237778820, -3.954462188075719808 ) ) ;
#50 = ORIENTED_EDGE ( 'NONE', *, *, #969, .F. ) ;
#51 = CARTESIAN_POINT ( 'NONE',  ( 0.5411905578252700355, -8.436778588237778820, -1.137307772455240062 ) ) ;
#52 = ORIENTED_EDGE ( 'NONE', *, *, #844, .T. ) ;
#53 = CARTESIAN_POINT ( 'NONE',  ( 1.501723086811549868, -8.436778588237778820, -4.542562513245909983 ) ) ;
#54 = ADVANCED_FACE ( 'NONE', ( #1856 ), #713, .F. ) ;
#55 = CARTESIAN_POINT ( 'NONE',  ( 2.488497541451959894, -7.836778588237780951, -3.381549751420139582 ) ) ;
#56 = CARTESIAN_POINT ( 'NONE',  ( 1.898412561563914025, -7.836778588237780951, -2.266967962614184984 ) ) ;
#57 = EDGE_LOOP ( 'NONE', ( #578, #1782, #1614, #2175 ) ) ;
#58 = VERTEX_POINT ( 'NONE', #278 ) ;
#59 = VECTOR ( 'NONE', #220, 100.0000000000000000 ) ;
#60 = CARTESIAN_POINT ( 'NONE',  ( -0.4804143074233640509, -8.436778588237778820, -3.928747559803909883 ) ) ;
#61 = CARTESIAN_POINT ( 'NONE',  ( -0.7323726869692330776, -7.836778588237780951, -2.254900450237369736 ) ) ;
#62 = CARTESIAN_POINT ( 'NONE',  ( 1.938206027481439886, -8.436778588237778820, -4.280263156048859763 ) ) ;
#63 = ORIENTED_EDGE ( 'NONE', *, *, #435, .F. ) ;
#64 = CARTESIAN_POINT ( 'NONE',  ( -0.7729188051648420155, -7.836778588237780951, -3.267742090784359732 ) ) ;
#65 = AXIS2_PLACEMENT_3D ( 'NONE', #837, #1861, #1825 ) ;
#66 = ADVANCED_FACE ( 'NONE', ( #2024 ), #432, .F. ) ;
#67 = DIRECTION ( 'NONE',  ( 0.8853323061113569370, 0.000000000000000000, 0.4649588237204952956 ) ) ;
#68 = CARTESIAN_POINT ( 'NONE',  ( 0.09207967627749179262, -7.836778588237780951, -1.408386861300610082 ) ) ;
#69 = DIRECTION ( 'NONE',  ( 0.000000000000000000, -1.000000000000000000, 0.000000000000000000 ) ) ;
#70 = CARTESIAN_POINT ( 'NONE',  ( 1.602538867922600030, -7.836778588237780951, -1.148754903276870021 ) ) ;
#71 = CARTESIAN_POINT ( 'NONE',  ( -0.01858686198642781409, -7.836778588237780951, -1.466506714265672029 ) ) ;
#72 = CARTESIAN_POINT ( 'NONE',  ( 0.3962086998590519382, -8.436778588237778820, -4.494701629967440049 ) ) ;
#73 = ORIENTED_EDGE ( 'NONE', *, *, #1493, .T. ) ;
#74 = CARTESIAN_POINT ( 'NONE',  ( 0.5433238507458689748, -7.836778588237780951, -1.142097383520510157 ) ) ;
#75 = EDGE_LOOP ( 'NONE', ( #1224, #1051 ) ) ;
#76 = EDGE_CURVE ( 'NONE', #1291, #1045, #132, .T. ) ;
#77 = CARTESIAN_POINT ( 'NONE',  ( 1.427866530286389990, -7.836778588237780951, -4.560476026381719450 ) ) ;
#78 = CARTESIAN_POINT ( 'NONE',  ( 2.023738870785440014, -7.836778588237780951, -3.966576238602709914 ) ) ;
#79 = DIRECTION ( 'NONE',  ( 0.000000000000000000, -1.000000000000000000, 0.000000000000000000 ) ) ;
#80 = CARTESIAN_POINT ( 'NONE',  ( 1.501723086811549868, -7.836778588237780951, -4.542562513245909983 ) ) ;
#81 = EDGE_LOOP ( 'NONE', ( #227, #965, #2152, #1339 ) ) ;
#82 = CARTESIAN_POINT ( 'NONE',  ( -0.01877157540691339749, -7.836778588237780951, -4.177450240856950714 ) ) ;
#83 = CARTESIAN_POINT ( 'NONE',  ( 1.390222151092370018, -7.836778588237780951, -4.552724722099930510 ) ) ;
#84 = DIRECTION ( 'NONE',  ( 0.8853323061113566039, 0.000000000000000000, 0.4649588237204957952 ) ) ;
#85 = CARTESIAN_POINT ( 'NONE',  ( -0.7561099532753920993, -7.836778588237780951, -2.273626751916760114 ) ) ;
#86 = CARTESIAN_POINT ( 'NONE',  ( 0.5411905578252700355, -7.836778588237780951, -1.137307772455240062 ) ) ;
#87 = CARTESIAN_POINT ( 'NONE',  ( -0.9374144211205960309, -8.436778588237778820, -2.440973981600389919 ) ) ;
#88 = DIRECTION ( 'NONE',  ( 0.000000000000000000, 1.000000000000000000, 0.000000000000000000 ) ) ;
#89 = CYLINDRICAL_SURFACE ( 'NONE', #190, 0.4012853364081459540 ) ;
#90 = VERTEX_POINT ( 'NONE', #1318 ) ;
#91 = CARTESIAN_POINT ( 'NONE',  ( -0.9624304341004471519, -8.436778588237778820, -3.065873785548660191 ) ) ;
#92 = CYLINDRICAL_SURFACE ( 'NONE', #1021, 1.743714663591850345 ) ;
#93 = VECTOR ( 'NONE', #558, 100.0000000000000000 ) ;
#94 = ADVANCED_FACE ( 'NONE', ( #975 ), #991, .F. ) ;
#95 = AXIS2_PLACEMENT_3D ( 'NONE', #82, #1496, #979 ) ;
#96 = LINE ( 'NONE', #1517, #1864 ) ;
#97 = DIRECTION ( 'NONE',  ( 0.000000000000000000, 1.000000000000000000, 0.000000000000000000 ) ) ;
#98 = AXIS2_PLACEMENT_3D ( 'NONE', #564, #1269, #1621 ) ;
#99 = B_SPLINE_CURVE_WITH_KNOTS ( 'NONE', 3,
 ( #1338, #1227, #494, #1416, #676, #1241, #2071, #1401, #1052, #363 ),
 .UNSPECIFIED., .F., .F.,
 ( 4, 2, 2, 2, 4 ),
 ( -0.06291728967695729702, -0.04718805383521719465, -0.03145948477074909932, -0.01572964763302289737, 0.000000000000000000 ),
 .UNSPECIFIED. ) ;
#100 = CARTESIAN_POINT ( 'NONE',  ( 1.526562554169909935, -7.836778588237780951, -1.146942544819919974 ) ) ;
#101 = EDGE_CURVE ( 'NONE', #1746, #58, #575, .T. ) ;
#102 = CARTESIAN_POINT ( 'NONE',  ( -0.9629494371380991069, -8.436778588237778820, -2.469699318151209688 ) ) ;
#103 = ORIENTED_EDGE ( 'NONE', *, *, #959, .F. ) ;
#104 = CARTESIAN_POINT ( 'NONE',  ( -0.7627056933597040622, -8.436778588237778820, -2.760918551078770378 ) ) ;
#105 = AXIS2_PLACEMENT_3D ( 'NONE', #606, #1176, #2262 ) ;
#106 = CARTESIAN_POINT ( 'NONE',  ( 1.990682453833349852, -7.836778588237780951, -1.389575411084460033 ) ) ;
#107 = CARTESIAN_POINT ( 'NONE',  ( -0.01877157540691339749, -7.836778588237780951, -4.177450240856950714 ) ) ;
#108 = DIRECTION ( 'NONE',  ( 0.8453323061113557912, 1.035233502895119692E-16, -0.5342408560232518866 ) ) ;
#109 = CARTESIAN_POINT ( 'NONE',  ( 1.564706079894790269, -7.836778588237780951, -1.142225184830079954 ) ) ;
#110 = VERTEX_POINT ( 'NONE', #599 ) ;
#111 = CARTESIAN_POINT ( 'NONE',  ( 1.209016413797640244, -7.836778588237780951, -1.246398340795749959 ) ) ;
#112 = EDGE_LOOP ( 'NONE', ( #634, #778, #1087, #1860 ) ) ;
#113 = CARTESIAN_POINT ( 'NONE',  ( 1.101740412397849811, -8.436778588237778820, -4.450791393730719747 ) ) ;
#114 = CARTESIAN_POINT ( 'NONE',  ( 0.8477989023330698704, -7.836778588237780951, -1.375324980414830200 ) ) ;
#115 = EDGE_CURVE ( 'NONE', #2043, #2241, #2119, .T. ) ;
#116 = CARTESIAN_POINT ( 'NONE',  ( 2.471683699048409899, -7.836778588237780951, -1.965897424559990059 ) ) ;
#117 = CARTESIAN_POINT ( 'NONE',  ( 2.527704450830160265, -7.836778588237780951, -2.402161469058940124 ) ) ;
#118 = CARTESIAN_POINT ( 'NONE',  ( -0.9515172353025420637, -7.836778588237780951, -2.453989371583889856 ) ) ;
#119 = EDGE_CURVE ( 'NONE', #1946, #414, #984, .T. ) ;
#120 = DIRECTION ( 'NONE',  ( 0.8853323061113567150, 0.000000000000000000, 0.4649588237204957397 ) ) ;
#121 = EDGE_LOOP ( 'NONE', ( #350, #835, #2026, #1016 ) ) ;
#122 = CARTESIAN_POINT ( 'NONE',  ( 2.109508370955400114, -7.836778588237780951, -1.721744839351090128 ) ) ;
#123 = ORIENTED_EDGE ( 'NONE', *, *, #119, .T. ) ;
#124 = CARTESIAN_POINT ( 'NONE',  ( 1.140167109204699880, -8.436778588237778820, -4.474875805982979848 ) ) ;
#125 = B_SPLINE_CURVE_WITH_KNOTS ( 'NONE', 3,
 ( #80, #1491, #638, #1666, #2183, #794 ),
 .UNSPECIFIED., .F., .F.,
 ( 4, 2, 4 ),
 ( -0.1151452602693670002, -0.05757262976846070496, 0.000000000000000000 ),
 .UNSPECIFIED. ) ;
#126 = ORIENTED_EDGE ( 'NONE', *, *, #1443, .T. ) ;
#127 = EDGE_CURVE ( 'NONE', #1870, #2217, #1089, .T. ) ;
#128 = AXIS2_PLACEMENT_3D ( 'NONE', #776, #88, #1127 ) ;
#129 = CYLINDRICAL_SURFACE ( 'NONE', #1951, 0.4012853364081459540 ) ;
#130 = CIRCLE ( 'NONE', #838, 0.1250000000000001943 ) ;
#131 = CARTESIAN_POINT ( 'NONE',  ( 2.518562055062709693, -7.836778588237780951, -2.383523246124959805 ) ) ;
#132 = B_SPLINE_CURVE_WITH_KNOTS ( 'NONE', 3,
 ( #2014, #808, #1674, #820, #1510, #1120 ),
 .UNSPECIFIED., .F., .F.,
 ( 4, 2, 4 ),
 ( -0.09096973799598620514, -0.04548486329731750433, 0.000000000000000000 ),
 .UNSPECIFIED. ) ;
#133 = EDGE_CURVE ( 'NONE', #2057, #539, #125, .T. ) ;
#134 = DIRECTION ( 'NONE',  ( 0.8853323061113566039, 0.000000000000000000, 0.4649588237204958507 ) ) ;
#135 = VECTOR ( 'NONE', #1199, 100.0000000000000000 ) ;
#136 = B_SPLINE_SURFACE_WITH_KNOTS ( 'NONE', 3, 1, ( 
 ( #2149, #894 ),
 ( #542, #573 ),
 ( #702, #1232 ),
 ( #1248, #918 ),
 ( #1588, #407 ),
 ( #1058, #940 ),
 ( #9, #1421 ),
 ( #557, #2115 ),
 ( #1104, #29 ),
 ( #1940, #1770 ) ),
 .UNSPECIFIED., .F., .F., .F.,
 ( 4, 2, 2, 2, 4 ),
 ( 2, 2 ),
 ( -0.06291728967682609641, -0.04718805383511919666, -0.03145948477067690013, -0.01572964763298830004, 0.000000000000000000 ),
 ( 0.000000000000000000, 0.5999999999999999778 ),
 .UNSPECIFIED. ) ;
#137 = CARTESIAN_POINT ( 'NONE',  ( -0.7449677611624819784, -8.436778588237778820, -2.263344421039839904 ) ) ;
#138 = LINE ( 'NONE', #2106, #841 ) ;
#139 = ORIENTED_EDGE ( 'NONE', *, *, #774, .F. ) ;
#140 = CARTESIAN_POINT ( 'NONE',  ( 0.8360137942302858782, -7.836778588237780951, -2.824918551078780204 ) ) ;
#141 = VECTOR ( 'NONE', #640, 100.0000000000000000 ) ;
#142 = ORIENTED_EDGE ( 'NONE', *, *, #2022, .F. ) ;
#143 = ORIENTED_EDGE ( 'NONE', *, *, #435, .T. ) ;
#144 = VECTOR ( 'NONE', #1185, 100.0000000000000000 ) ;
#145 = DIRECTION ( 'NONE',  ( 1.224646799147339895E-16, -1.000000000000000000, -1.328812179283822000E-30 ) ) ;
#146 = CARTESIAN_POINT ( 'NONE',  ( -0.7950832044169708901, -8.436778588237778820, -3.247178253393699698 ) ) ;
#147 = CARTESIAN_POINT ( 'NONE',  ( -0.9754477215600190210, -8.436778588237778820, -3.051772722443120145 ) ) ;
#148 = AXIS2_PLACEMENT_3D ( 'NONE', #2035, #1694, #134 ) ;
#149 = CARTESIAN_POINT ( 'NONE',  ( 2.023976528706779909, -8.436778588237778820, -3.996883285278699738 ) ) ;
#150 = EDGE_LOOP ( 'NONE', ( #924, #2261, #310, #1460 ) ) ;
#151 = LINE ( 'NONE', #281, #963 ) ;
#152 = ORIENTED_EDGE ( 'NONE', *, *, #2170, .F. ) ;
#153 = CARTESIAN_POINT ( 'NONE',  ( -1.001104939795570026, -7.836778588237780951, -2.960802325273829805 ) ) ;
#154 = CIRCLE ( 'NONE', #379, 0.1250000000000001943 ) ;
#155 = CARTESIAN_POINT ( 'NONE',  ( -0.4757505299431780132, -7.836778588237780951, -3.973761553021099679 ) ) ;
#156 = EDGE_LOOP ( 'NONE', ( #399, #143, #1063, #1597 ) ) ;
#157 = B_SPLINE_CURVE_WITH_KNOTS ( 'NONE', 3,
 ( #1644, #2047, #1877, #64, #1304, #248 ),
 .UNSPECIFIED., .F., .F.,
 ( 4, 2, 4 ),
 ( -0.09096970533353129773, -0.04548485715908050231, -1.387778780781445676E-17 ),
 .UNSPECIFIED. ) ;
#158 = B_SPLINE_SURFACE_WITH_KNOTS ( 'NONE', 3, 1, ( 
 ( #1973, #339 ),
 ( #527, #488 ),
 ( #670, #535 ),
 ( #698, #1723 ),
 ( #1737, #304 ),
 ( #1556, #2246 ) ),
 .UNSPECIFIED., .F., .F., .F.,
 ( 4, 2, 4 ),
 ( 2, 2 ),
 ( -0.09096970533389810154, -0.04548485715902279847, 0.000000000000000000 ),
 ( 0.000000000000000000, 0.5999999999999999778 ),
 .UNSPECIFIED. ) ;
#159 = LINE ( 'NONE', #651, #1620 ) ;
#160 = CARTESIAN_POINT ( 'NONE',  ( 1.390222151092370018, -8.436778588237778820, -4.552724722099930510 ) ) ;
#161 = CARTESIAN_POINT ( 'NONE',  ( 2.021755217900820245, -8.436778588237778820, -4.011883362008980214 ) ) ;
#162 = DIRECTION ( 'NONE',  ( -0.8853323061113580472, -1.084219374860999907E-16, -0.4649588237204930752 ) ) ;
#163 = ORIENTED_EDGE ( 'NONE', *, *, #2264, .F. ) ;
#164 = CARTESIAN_POINT ( 'NONE',  ( 0.8360137942302858782, -7.836778588237780951, -2.824918551078780204 ) ) ;
#165 = EDGE_CURVE ( 'NONE', #604, #2145, #1096, .T. ) ;
#166 = ORIENTED_EDGE ( 'NONE', *, *, #2105, .T. ) ;
#167 = LINE ( 'NONE', #1874, #1836 ) ;
#168 = EDGE_LOOP ( 'NONE', ( #139, #700 ) ) ;
#169 = VECTOR ( 'NONE', #409, 100.0000000000000000 ) ;
#170 = CARTESIAN_POINT ( 'NONE',  ( -0.1294381136708329938, -7.836778588237780951, -4.235570093822012439 ) ) ;
#171 = CARTESIAN_POINT ( 'NONE',  ( -0.9988490425123038863, -7.836778588237780951, -2.999170188524470149 ) ) ;
#172 = LINE ( 'NONE', #1179, #2076 ) ;
#173 = LINE ( 'NONE', #1721, #879 ) ;
#174 = VERTEX_POINT ( 'NONE', #882 ) ;
#175 = CIRCLE ( 'NONE', #647, 0.4012853364081459540 ) ;
#176 = CARTESIAN_POINT ( 'NONE',  ( 2.484338803225540016, -8.436778588237778820, -3.391135993442179863 ) ) ;
#177 = CARTESIAN_POINT ( 'NONE',  ( 1.154642965010630018, -7.836778588237780951, -4.479384061968129771 ) ) ;
#178 = ORIENTED_EDGE ( 'NONE', *, *, #731, .T. ) ;
#179 = EDGE_CURVE ( 'NONE', #1823, #427, #1617, .T. ) ;
#180 = CIRCLE ( 'NONE', #28, 1.199999999999999512 ) ;
#181 = DIRECTION ( 'NONE',  ( 0.000000000000000000, -1.000000000000000000, 0.000000000000000000 ) ) ;
#182 = EDGE_CURVE ( 'NONE', #1595, #1000, #172, .T. ) ;
#183 = VERTEX_POINT ( 'NONE', #291 ) ;
#184 = FACE_BOUND ( 'NONE', #286, .T. ) ;
#185 = CARTESIAN_POINT ( 'NONE',  ( 1.081642254328309960, -7.836778588237780951, -4.428203824530090316 ) ) ;
#186 = AXIS2_PLACEMENT_3D ( 'NONE', #865, #314, #1924 ) ;
#187 = DIRECTION ( 'NONE',  ( 1.000000000000000000, 1.224646799147339895E-16, 0.000000000000000000 ) ) ;
#188 = DIRECTION ( 'NONE',  ( 0.000000000000000000, 1.000000000000000000, 0.000000000000000000 ) ) ;
#189 = VERTEX_POINT ( 'NONE', #1734 ) ;
#190 = AXIS2_PLACEMENT_3D ( 'NONE', #457, #797, #489 ) ;
#191 = B_SPLINE_CURVE_WITH_KNOTS ( 'NONE', 3,
 ( #1044, #1740, #874, #2259, #1958, #766 ),
 .UNSPECIFIED., .F., .F.,
 ( 4, 2, 4 ),
 ( -0.1151452602694219979, -0.05757262976847030145, 0.000000000000000000 ),
 .UNSPECIFIED. ) ;
#192 = CARTESIAN_POINT ( 'NONE',  ( 2.474016429505030423, -8.436778588237778820, -3.402935064312440083 ) ) ;
#193 = CARTESIAN_POINT ( 'NONE',  ( -0.4750071151591480634, -7.836778588237780951, -3.919806061347640203 ) ) ;
#194 = CARTESIAN_POINT ( 'NONE',  ( 2.527704450830160265, -7.836778588237780951, -2.402161469058940124 ) ) ;
#195 = AXIS2_PLACEMENT_3D ( 'NONE', #235, #768, #1146 ) ;
#196 = ORIENTED_EDGE ( 'NONE', *, *, #408, .F. ) ;
#197 = CARTESIAN_POINT ( 'NONE',  ( 2.016551086939049942, -7.836778588237780951, -3.937208400443640510 ) ) ;
#198 = VERTEX_POINT ( 'NONE', #847 ) ;
#199 = CARTESIAN_POINT ( 'NONE',  ( -0.1711779306801030076, -7.836778588237780951, -1.733724152174220157 ) ) ;
#200 = CARTESIAN_POINT ( 'NONE',  ( -1.001104939795570026, -7.836778588237780951, -2.960802325273829805 ) ) ;
#201 = B_SPLINE_SURFACE_WITH_KNOTS ( 'NONE', 3, 1, ( 
 ( #429, #2010 ),
 ( #1842, #2020 ),
 ( #2189, #418 ),
 ( #77, #255 ),
 ( #970, #462 ),
 ( #83, #1670 ) ),
 .UNSPECIFIED., .F., .F., .F.,
 ( 4, 2, 4 ),
 ( 2, 2 ),
 ( -0.1151452602693670002, -0.05757262976846070496, 0.000000000000000000 ),
 ( 0.000000000000000000, 0.5999999999999999778 ),
 .UNSPECIFIED. ) ;
#202 = CARTESIAN_POINT ( 'NONE',  ( 2.501990906542880033, -8.436778588237778820, -2.370909396073749509 ) ) ;
#203 = CARTESIAN_POINT ( 'NONE',  ( 2.465197935383520278, -8.436778588237778820, -3.408594775870969595 ) ) ;
#204 = ORIENTED_EDGE ( 'NONE', *, *, #1589, .T. ) ;
#205 = CARTESIAN_POINT ( 'NONE',  ( 0.2027462145414114236, -7.836778588237780951, -1.350267008335547914 ) ) ;
#206 = CARTESIAN_POINT ( 'NONE',  ( 1.928922853348979949, -8.436778588237778820, -4.297331265130310385 ) ) ;
#207 = ORIENTED_EDGE ( 'NONE', *, *, #1934, .T. ) ;
#208 = CARTESIAN_POINT ( 'NONE',  ( 2.023738870785440014, -8.436778588237778820, -3.966576238602709914 ) ) ;
#209 = EDGE_CURVE ( 'NONE', #563, #1852, #1069, .T. ) ;
#210 = CARTESIAN_POINT ( 'NONE',  ( -0.7729188051648420155, -7.836778588237780951, -3.267742090784359732 ) ) ;
#211 = AXIS2_PLACEMENT_3D ( 'NONE', #68, #97, #773 ) ;
#212 = CARTESIAN_POINT ( 'NONE',  ( 0.9099146286865539279, -7.836778588237780951, -0.9788762980412121228 ) ) ;
#213 = ORIENTED_EDGE ( 'NONE', *, *, #1871, .F. ) ;
#214 = CARTESIAN_POINT ( 'NONE',  ( -0.4840567146013680100, -8.436778588237778820, -3.943995292364129490 ) ) ;
#215 = ORIENTED_EDGE ( 'NONE', *, *, #635, .T. ) ;
#216 = CARTESIAN_POINT ( 'NONE',  ( 1.943909262621420053, -7.836778588237780951, -4.261939322867750235 ) ) ;
#217 = ORIENTED_EDGE ( 'NONE', *, *, #888, .T. ) ;
#218 = PLANE ( 'NONE',  #804 ) ;
#219 = CARTESIAN_POINT ( 'NONE',  ( -0.7257552761315699819, -8.436778588237778820, -1.837897424559999715 ) ) ;
#220 = DIRECTION ( 'NONE',  ( 0.000000000000000000, -1.000000000000000000, 0.000000000000000000 ) ) ;
#221 = ORIENTED_EDGE ( 'NONE', *, *, #2042, .F. ) ;
#222 = EDGE_CURVE ( 'NONE', #515, #1960, #691, .T. ) ;
#223 = CARTESIAN_POINT ( 'NONE',  ( -0.4804143074233640509, -8.436778588237778820, -3.928747559803909883 ) ) ;
#224 = DIRECTION ( 'NONE',  ( 0.04000000000000557276, 4.898587196588662425E-18, 0.9991996797437434630 ) ) ;
#225 = ORIENTED_EDGE ( 'NONE', *, *, #1153, .T. ) ;
#226 = CARTESIAN_POINT ( 'NONE',  ( -0.9835978128454899716, -7.836778588237780951, -2.523442159326769740 ) ) ;
#227 = ORIENTED_EDGE ( 'NONE', *, *, #546, .T. ) ;
#228 = CARTESIAN_POINT ( 'NONE',  ( 2.488497541451959894, -8.436778588237778820, -3.381549751420139582 ) ) ;
#229 = DIRECTION ( 'NONE',  ( 1.224646799147339895E-16, -1.000000000000000000, -1.325286320771320103E-30 ) ) ;
#230 = CARTESIAN_POINT ( 'NONE',  ( 2.460366904181930270, -8.436778588237778820, -3.410646765264590208 ) ) ;
#231 = ORIENTED_EDGE ( 'NONE', *, *, #947, .T. ) ;
#232 = CARTESIAN_POINT ( 'NONE',  ( -0.4785073994198980052, -8.436778588237778820, -3.969301161380180076 ) ) ;
#233 = ADVANCED_FACE ( 'NONE', ( #1047 ), #1059, .F. ) ;
#234 = CARTESIAN_POINT ( 'NONE',  ( 0.4039869439671719964, -8.436778588237778820, -4.487679737981729922 ) ) ;
#235 = CARTESIAN_POINT ( 'NONE',  ( 0.8360137942302858782, -7.836778588237780951, -2.824918551078780204 ) ) ;
#236 = CARTESIAN_POINT ( 'NONE',  ( 0.5433238507458689748, -8.436778588237778820, -1.142097383520510157 ) ) ;
#237 = EDGE_LOOP ( 'NONE', ( #3, #1436, #1367, #1076 ) ) ;
#238 = EDGE_CURVE ( 'NONE', #1164, #247, #881, .T. ) ;
#239 = CARTESIAN_POINT ( 'NONE',  ( 1.081642254328200048, -7.836778588237780951, -4.428203824530179133 ) ) ;
#240 = CARTESIAN_POINT ( 'NONE',  ( 0.8360137942302858782, -8.436778588237778820, -2.824918551078780204 ) ) ;
#241 = FACE_OUTER_BOUND ( 'NONE', #374, .T. ) ;
#242 = CARTESIAN_POINT ( 'NONE',  ( 1.801465702131409996, -7.836778588237780951, -1.414267008335547970 ) ) ;
#243 = AXIS2_PLACEMENT_3D ( 'NONE', #1809, #626, #2021 ) ;
#244 = CARTESIAN_POINT ( 'NONE',  ( -0.4840567146013680100, -8.436778588237778820, -3.943995292364129490 ) ) ;
#245 = EDGE_CURVE ( 'NONE', #1899, #174, #1853, .T. ) ;
#246 = CYLINDRICAL_SURFACE ( 'NONE', #2096, 0.4012853364081460650 ) ;
#247 = VERTEX_POINT ( 'NONE', #1356 ) ;
#248 = CARTESIAN_POINT ( 'NONE',  ( -0.7950832044169708901, -7.836778588237780951, -3.247178253393699698 ) ) ;
#249 = DIRECTION ( 'NONE',  ( 0.8853323061113567150, 0.000000000000000000, 0.4649588237204959063 ) ) ;
#250 = CARTESIAN_POINT ( 'NONE',  ( -0.7257552761315699819, -7.836778588237780951, -1.837897424559999715 ) ) ;
#251 = CARTESIAN_POINT ( 'NONE',  ( 1.620672382604090078, -8.436778588237778820, -1.155731528912019801 ) ) ;
#252 = ORIENTED_EDGE ( 'NONE', *, *, #1961, .F. ) ;
#253 = LINE ( 'NONE', #966, #1369 ) ;
#254 = FACE_OUTER_BOUND ( 'NONE', #1032, .T. ) ;
#255 = CARTESIAN_POINT ( 'NONE',  ( 1.427866530286389990, -8.436778588237778820, -4.560476026381719450 ) ) ;
#256 = CIRCLE ( 'NONE', #1036, 1.743714663591850345 ) ;
#257 = CARTESIAN_POINT ( 'NONE',  ( 2.471683699048409899, -7.836778588237780951, -1.965897424559990059 ) ) ;
#258 = CARTESIAN_POINT ( 'NONE',  ( 2.486831307962099835, -8.436778588237778820, -2.366931738178370104 ) ) ;
#259 = ADVANCED_FACE ( 'NONE', ( #1344 ), #1704, .F. ) ;
#260 = CARTESIAN_POINT ( 'NONE',  ( 1.636894360828200057, -7.836778588237780951, -1.165985170546549821 ) ) ;
#261 = ADVANCED_FACE ( 'NONE', ( #499 ), #840, .F. ) ;
#262 = FACE_OUTER_BOUND ( 'NONE', #1897, .T. ) ;
#263 = VERTEX_POINT ( 'NONE', #1250 ) ;
#264 = CARTESIAN_POINT ( 'NONE',  ( -0.6903272491434659930, -7.836778588237780951, -2.237904792744440208 ) ) ;
#265 = DIRECTION ( 'NONE',  ( 0.8853323061113569370, 0.000000000000000000, 0.4649588237204952956 ) ) ;
#266 = DIRECTION ( 'NONE',  ( 0.8853323061113566039, 0.000000000000000000, 0.4649588237204957952 ) ) ;
#267 = ORIENTED_EDGE ( 'NONE', *, *, #2195, .F. ) ;
#268 = EDGE_CURVE ( 'NONE', #529, #2217, #1423, .T. ) ;
#269 = CARTESIAN_POINT ( 'NONE',  ( 2.492020647646569831, -7.836778588237780951, -2.367684185072129743 ) ) ;
#270 = CARTESIAN_POINT ( 'NONE',  ( 2.439724647104139610, -8.436778588237778820, -3.412852208368170270 ) ) ;
#271 = ADVANCED_FACE ( 'NONE', ( #1773 ), #1761, .F. ) ;
#272 = DIRECTION ( 'NONE',  ( 0.8453323061113557912, 1.035233502895119692E-16, -0.5342408560232518866 ) ) ;
#273 = DIRECTION ( 'NONE',  ( -0.9548000144801492839, -1.169292781558959993E-16, 0.2972489400295760809 ) ) ;
#274 = ORIENTED_EDGE ( 'NONE', *, *, #893, .T. ) ;
#275 = DIRECTION ( 'NONE',  ( -0.2972489400295793005, -3.640249629571511592E-17, -0.9548000144801482847 ) ) ;
#276 = AXIS2_PLACEMENT_3D ( 'NONE', #1386, #1578, #1412 ) ;
#277 = CARTESIAN_POINT ( 'NONE',  ( 1.801465702131409996, -7.836778588237780951, -1.414267008335547970 ) ) ;
#278 = CARTESIAN_POINT ( 'NONE',  ( 0.8477989023330698704, -8.436778588237778820, -1.375324980414830200 ) ) ;
#279 = ORIENTED_EDGE ( 'NONE', *, *, #982, .F. ) ;
#280 = B_SPLINE_CURVE_WITH_KNOTS ( 'NONE', 3,
 ( #1320, #1668, #61, #602, #264, #1486 ),
 .UNSPECIFIED., .F., .F.,
 ( 4, 2, 4 ),
 ( -0.09096973799248829484, -0.04548486329592100336, 0.000000000000000000 ),
 .UNSPECIFIED. ) ;
#281 = CARTESIAN_POINT ( 'NONE',  ( 2.324066743556360670, -7.836778588237780951, -2.947038404043851756 ) ) ;
#282 = ORIENTED_EDGE ( 'NONE', *, *, #2003, .T. ) ;
#283 = CARTESIAN_POINT ( 'NONE',  ( -0.01877157540691339749, -8.436778588237778820, -4.177450240856950714 ) ) ;
#284 = DIRECTION ( 'NONE',  ( 0.000000000000000000, -1.000000000000000000, 0.000000000000000000 ) ) ;
#285 = LINE ( 'NONE', #1366, #144 ) ;
#286 = EDGE_LOOP ( 'NONE', ( #2163, #2029 ) ) ;
#287 = DIRECTION ( 'NONE',  ( -0.1547919166682590886, 0.000000000000000000, -0.9879470950077067215 ) ) ;
#288 = CARTESIAN_POINT ( 'NONE',  ( 0.4072332519343959678, -7.836778588237780951, -4.483561861433000395 ) ) ;
#289 = CIRCLE ( 'NONE', #591, 0.1250000000000000278 ) ;
#290 = CARTESIAN_POINT ( 'NONE',  ( -0.9374144211205960309, -7.836778588237780951, -2.440973981600389919 ) ) ;
#291 = CARTESIAN_POINT ( 'NONE',  ( 2.101685340503639754, -7.836778588237780951, -1.810555428015679924 ) ) ;
#292 = ORIENTED_EDGE ( 'NONE', *, *, #2022, .T. ) ;
#293 = CARTESIAN_POINT ( 'NONE',  ( 0.5125880511076990054, -8.436778588237778820, -1.115768900004689979 ) ) ;
#294 = VERTEX_POINT ( 'NONE', #1941 ) ;
#295 = EDGE_CURVE ( 'NONE', #189, #871, #471, .T. ) ;
#296 = CARTESIAN_POINT ( 'NONE',  ( 2.043124289542579852, -7.836778588237780951, -1.444580308703389937 ) ) ;
#297 = EDGE_CURVE ( 'NONE', #198, #1240, #690, .T. ) ;
#298 = LINE ( 'NONE', #2232, #331 ) ;
#299 = DIRECTION ( 'NONE',  ( 0.000000000000000000, -1.000000000000000000, 0.000000000000000000 ) ) ;
#300 = FACE_OUTER_BOUND ( 'NONE', #307, .T. ) ;
#301 = CARTESIAN_POINT ( 'NONE',  ( 2.527704450830160265, -7.836778588237780951, -2.402161469058940124 ) ) ;
#302 = CARTESIAN_POINT ( 'NONE',  ( 2.055233652719089754, -7.836778588237780951, -1.481056949535999978 ) ) ;
#303 = ORIENTED_EDGE ( 'NONE', *, *, #1169, .F. ) ;
#304 = CARTESIAN_POINT ( 'NONE',  ( 1.271084762059039974, -8.436778588237778820, -1.204553950395409911 ) ) ;
#305 = DIRECTION ( 'NONE',  ( 1.224646799147339895E-16, -1.000000000000000000, -1.328812179283822000E-30 ) ) ;
#306 = CARTESIAN_POINT ( 'NONE',  ( 0.5411905578252700355, -8.436778588237778820, -1.137307772455240062 ) ) ;
#307 = EDGE_LOOP ( 'NONE', ( #24, #810, #1792, #534 ) ) ;
#308 = DIRECTION ( 'NONE',  ( 1.000000000000000000, 0.000000000000000000, 0.000000000000000000 ) ) ;
#309 = LINE ( 'NONE', #194, #135 ) ;
#310 = ORIENTED_EDGE ( 'NONE', *, *, #1947, .T. ) ;
#311 = ORIENTED_EDGE ( 'NONE', *, *, #1242, .T. ) ;
#312 = ADVANCED_FACE ( 'NONE', ( #1282 ), #576, .F. ) ;
#313 = ADVANCED_FACE ( 'NONE', ( #1448 ), #718, .F. ) ;
#314 = DIRECTION ( 'NONE',  ( 0.000000000000000000, 1.000000000000000000, 0.000000000000000000 ) ) ;
#315 = B_SPLINE_CURVE_WITH_KNOTS ( 'NONE', 3,
 ( #1986, #1105, #44, #2116, #1760, #185 ),
 .UNSPECIFIED., .F., .F.,
 ( 4, 2, 4 ),
 ( -0.09096973799239489733, -0.04548486329585831045, 1.387778780781445676E-17 ),
 .UNSPECIFIED. ) ;
#316 = CIRCLE ( 'NONE', #1092, 0.1250000000000001943 ) ;
#317 = DIRECTION ( 'NONE',  ( 0.8853323061113567150, 0.000000000000000000, 0.4649588237204956842 ) ) ;
#318 = CARTESIAN_POINT ( 'NONE',  ( 2.055233652719089754, -8.436778588237778820, -1.481056949535999978 ) ) ;
#319 = EDGE_CURVE ( 'NONE', #1418, #1273, #2031, .T. ) ;
#320 = AXIS2_PLACEMENT_3D ( 'NONE', #219, #928, #1622 ) ;
#321 = PRODUCT_DEFINITION_SHAPE ( 'NONE', 'NONE',  #1541 ) ;
#322 = CARTESIAN_POINT ( 'NONE',  ( -0.7323664727402580121, -8.436778588237778820, -3.288044307227740326 ) ) ;
#323 = CARTESIAN_POINT ( 'NONE',  ( 1.872251961658249586, -7.836778588237780951, -4.347968157415939672 ) ) ;
#324 = EDGE_LOOP ( 'NONE', ( #904, #1794, #4, #476 ) ) ;
#325 = CARTESIAN_POINT ( 'NONE',  ( 0.3821125444965510209, -8.436778588237778820, -4.501561112322970182 ) ) ;
#326 = VECTOR ( 'NONE', #7, 100.0000000000000000 ) ;
#327 = CARTESIAN_POINT ( 'NONE',  ( 0.2027462145414114236, -7.836778588237780951, -1.350267008335547914 ) ) ;
#328 = ORIENTED_EDGE ( 'NONE', *, *, #297, .T. ) ;
#329 = APPLICATION_PROTOCOL_DEFINITION ( 'draft international standard', 'automotive_design', 1998, #2182 ) ;
#330 = DIRECTION ( 'NONE',  ( 0.000000000000000000, 1.000000000000000000, 0.000000000000000000 ) ) ;
#331 = VECTOR ( 'NONE', #1370, 100.0000000000000000 ) ;
#332 = CIRCLE ( 'NONE', #1362, 0.1250000000000000278 ) ;
#333 = CARTESIAN_POINT ( 'NONE',  ( 1.285874664354510033, -7.836778588237780951, -1.201217263056290063 ) ) ;
#334 = FACE_BOUND ( 'NONE', #1909, .T. ) ;
#335 = CARTESIAN_POINT ( 'NONE',  ( 2.492020647646569831, -7.836778588237780951, -2.367684185072129743 ) ) ;
#336 = VECTOR ( 'NONE', #1474, 100.0000000000000000 ) ;
#337 = CARTESIAN_POINT ( 'NONE',  ( 2.284611726604119930, -7.836778588237780951, -2.498262130277200121 ) ) ;
#338 = EDGE_LOOP ( 'NONE', ( #163, #2123 ) ) ;
#339 = CARTESIAN_POINT ( 'NONE',  ( 1.209016413797610046, -8.436778588237778820, -1.246398340795719983 ) ) ;
#340 = DIRECTION ( 'NONE',  ( 0.000000000000000000, -1.000000000000000000, 0.000000000000000000 ) ) ;
#341 = EDGE_LOOP ( 'NONE', ( #601, #738, #1064, #213 ) ) ;
#342 = DIRECTION ( 'NONE',  ( 0.000000000000000000, 0.000000000000000000, 1.000000000000000000 ) ) ;
#343 = EDGE_CURVE ( 'NONE', #1400, #1291, #566, .T. ) ;
#344 = DIRECTION ( 'NONE',  ( 0.000000000000000000, 1.000000000000000000, 0.000000000000000000 ) ) ;
#345 = ORIENTED_EDGE ( 'NONE', *, *, #2148, .F. ) ;
#346 = CARTESIAN_POINT ( 'NONE',  ( -0.9374144211205960309, -8.436778588237778820, -2.440973981600389919 ) ) ;
#347 = EDGE_CURVE ( 'NONE', #937, #1298, #357, .T. ) ;
#348 = CARTESIAN_POINT ( 'NONE',  ( 2.486823180959040425, -8.436778588237778820, -3.386518278619960576 ) ) ;
#349 = CARTESIAN_POINT ( 'NONE',  ( 1.686987524234889735, -7.836778588237780951, -4.445265335330930156 ) ) ;
#350 = ORIENTED_EDGE ( 'NONE', *, *, #480, .F. ) ;
#351 = CARTESIAN_POINT ( 'NONE',  ( 1.579947912183079950, -7.836778588237780951, -4.241450240856949883 ) ) ;
#352 = VERTEX_POINT ( 'NONE', #1781 ) ;
#353 = EDGE_CURVE ( 'NONE', #1229, #1768, #2131, .T. ) ;
#354 = ORIENTED_EDGE ( 'NONE', *, *, #1330, .F. ) ;
#355 = ORIENTED_EDGE ( 'NONE', *, *, #1111, .T. ) ;
#356 = FACE_OUTER_BOUND ( 'NONE', #388, .T. ) ;
#357 = CIRCLE ( 'NONE', #725, 0.1250000000000000555 ) ;
#358 = CARTESIAN_POINT ( 'NONE',  ( 0.3562868385893039891, -7.836778588237780951, -4.501344176048969636 ) ) ;
#359 = CARTESIAN_POINT ( 'NONE',  ( 2.477893682491040028, -7.836778588237780951, -3.399398466833809973 ) ) ;
#360 = ORIENTED_EDGE ( 'NONE', *, *, #862, .T. ) ;
#361 = VECTOR ( 'NONE', #2045, 100.0000000000000142 ) ;
#362 = CARTESIAN_POINT ( 'NONE',  ( -0.4835645076743420034, -7.836778588237780951, -3.954462188075719808 ) ) ;
#363 = CARTESIAN_POINT ( 'NONE',  ( 0.3562868385893039891, -8.436778588237778820, -4.501344176048969636 ) ) ;
#364 = EDGE_CURVE ( 'NONE', #764, #1722, #644, .T. ) ;
#365 = CIRCLE ( 'NONE', #1714, 0.1250000000000000278 ) ;
#366 = CARTESIAN_POINT ( 'NONE',  ( 0.3821125444965510209, -7.836778588237780951, -4.501561112322970182 ) ) ;
#367 = EDGE_LOOP ( 'NONE', ( #2178, #1476, #1651, #2073 ) ) ;
#368 = CARTESIAN_POINT ( 'NONE',  ( 2.023976528706779909, -7.836778588237780951, -3.996883285278699738 ) ) ;
#369 = LINE ( 'NONE', #1260, #1477 ) ;
#370 = DIRECTION ( 'NONE',  ( -1.224646799147339895E-16, 1.000000000000000000, 1.398995511602890226E-30 ) ) ;
#371 = CARTESIAN_POINT ( 'NONE',  ( 0.09189496285700624045, -7.836778588237780951, -4.119330387891888101 ) ) ;
#372 = FACE_BOUND ( 'NONE', #168, .T. ) ;
#373 = CARTESIAN_POINT ( 'NONE',  ( 2.465197935383520278, -7.836778588237780951, -3.408594775870969595 ) ) ;
#374 = EDGE_LOOP ( 'NONE', ( #552, #2125, #1424, #2092 ) ) ;
#375 = VECTOR ( 'NONE', #1206, 100.0000000000000000 ) ;
#376 = CARTESIAN_POINT ( 'NONE',  ( 1.872251961658249586, -7.836778588237780951, -4.347968157415939672 ) ) ;
#377 = ORIENTED_EDGE ( 'NONE', *, *, #677, .F. ) ;
#378 = ADVANCED_FACE ( 'NONE', ( #1955 ), #387, .F. ) ;
#379 = AXIS2_PLACEMENT_3D ( 'NONE', #517, #1727, #825 ) ;
#380 = CARTESIAN_POINT ( 'NONE',  ( 0.4039869439671719964, -7.836778588237780951, -4.487679737981729922 ) ) ;
#381 = ORIENTED_EDGE ( 'NONE', *, *, #452, .T. ) ;
#382 = CARTESIAN_POINT ( 'NONE',  ( 0.09189496285700624045, -8.436778588237778820, -4.119330387891888101 ) ) ;
#383 = EDGE_CURVE ( 'NONE', #1629, #263, #1243, .T. ) ;
#384 = CARTESIAN_POINT ( 'NONE',  ( -0.7465533038691269940, -7.836778588237780951, -3.282689796325009901 ) ) ;
#385 = CARTESIAN_POINT ( 'NONE',  ( 2.545399820084199849, -7.836778588237780951, -2.830798698113727863 ) ) ;
#386 = EDGE_CURVE ( 'NONE', #758, #1237, #1530, .T. ) ;
#387 = CYLINDRICAL_SURFACE ( 'NONE', #2218, 0.4012853364081459540 ) ;
#388 = EDGE_LOOP ( 'NONE', ( #1641, #1736, #1584, #1607 ) ) ;
#389 = CYLINDRICAL_SURFACE ( 'NONE', #1815, 1.200000000000000400 ) ;
#390 = CARTESIAN_POINT ( 'NONE',  ( 0.5382838820669400004, -8.436778588237778820, -1.132943868428410106 ) ) ;
#391 = VERTEX_POINT ( 'NONE', #981 ) ;
#392 = CARTESIAN_POINT ( 'NONE',  ( -0.4443852382969425974, -8.436778588237778820, -3.497358519604945037 ) ) ;
#393 = CARTESIAN_POINT ( 'NONE',  ( -0.7449677611624819784, -7.836778588237780951, -2.263344421039839904 ) ) ;
#394 = EDGE_CURVE ( 'NONE', #1523, #1300, #989, .T. ) ;
#395 = CARTESIAN_POINT ( 'NONE',  ( -0.7847985972690639800, -7.836778588237780951, -3.258318340831520388 ) ) ;
#396 = DIRECTION ( 'NONE',  ( 1.224646799147339895E-16, -1.000000000000000000, -1.328812179283822000E-30 ) ) ;
#397 = AXIS2_PLACEMENT_3D ( 'NONE', #420, #1498, #79 ) ;
#398 = CARTESIAN_POINT ( 'NONE',  ( 2.109508370955400114, -7.836778588237780951, -1.721744839351090128 ) ) ;
#399 = ORIENTED_EDGE ( 'NONE', *, *, #2148, .T. ) ;
#400 = ORIENTED_EDGE ( 'NONE', *, *, #1493, .F. ) ;
#401 = CARTESIAN_POINT ( 'NONE',  ( -0.4780883935556139996, -7.836778588237780951, -3.924048352743220391 ) ) ;
#402 = CARTESIAN_POINT ( 'NONE',  ( 0.5310927524526629639, -8.436778588237778820, -1.125323386051479968 ) ) ;
#403 = ORIENTED_EDGE ( 'NONE', *, *, #572, .F. ) ;
#404 = AXIS2_PLACEMENT_3D ( 'NONE', #439, #2168, #428 ) ;
#405 = CARTESIAN_POINT ( 'NONE',  ( 1.686987524234889735, -8.436778588237778820, -4.445265335330930156 ) ) ;
#406 = CARTESIAN_POINT ( 'NONE',  ( -0.6903272491434659930, -7.836778588237780951, -2.237904792744440208 ) ) ;
#407 = CARTESIAN_POINT ( 'NONE',  ( -0.3903779461006199880, -8.436778588237778820, -1.603901313887710289 ) ) ;
#408 = EDGE_CURVE ( 'NONE', #1984, #1229, #2260, .T. ) ;
#409 = DIRECTION ( 'NONE',  ( 0.000000000000000000, -1.000000000000000000, 0.000000000000000000 ) ) ;
#410 = ORIENTED_EDGE ( 'NONE', *, *, #1482, .T. ) ;
#411 = EDGE_LOOP ( 'NONE', ( #909, #2193, #1459, #1715 ) ) ;
#412 = AXIS2_PLACEMENT_3D ( 'NONE', #1772, #2078, #187 ) ;
#413 = CARTESIAN_POINT ( 'NONE',  ( 0.4072332519343959678, -7.836778588237780951, -4.483561861433000395 ) ) ;
#414 = VERTEX_POINT ( 'NONE', #277 ) ;
#415 = CARTESIAN_POINT ( 'NONE',  ( 0.5022099788852240065, -8.436778588237778820, -1.114318498413970016 ) ) ;
#416 = ORIENTED_EDGE ( 'NONE', *, *, #1169, .T. ) ;
#417 = CARTESIAN_POINT ( 'NONE',  ( -1.001104939795570026, -7.836778588237780951, -2.960802325273829805 ) ) ;
#418 = CARTESIAN_POINT ( 'NONE',  ( 1.466100212816140003, -8.436778588237778820, -4.556991403996950574 ) ) ;
#419 = CARTESIAN_POINT ( 'NONE',  ( 2.021755217900820245, -7.836778588237780951, -4.011883362008980214 ) ) ;
#420 = CARTESIAN_POINT ( 'NONE',  ( 1.285874664354510033, -7.836778588237780951, -1.201217263056290063 ) ) ;
#421 = EDGE_CURVE ( 'NONE', #1696, #1009, #1325, .T. ) ;
#422 = CARTESIAN_POINT ( 'NONE',  ( 1.636894360828200057, -8.436778588237778820, -1.165985170546549821 ) ) ;
#423 = ADVANCED_FACE ( 'NONE', ( #1469 ), #2161, .F. ) ;
#424 = CARTESIAN_POINT ( 'NONE',  ( 2.109508370955400114, -7.836778588237780951, -1.721744839351090128 ) ) ;
#425 = DIRECTION ( 'NONE',  ( 0.9755055380883500549, 1.194649734770399908E-16, 0.2199748739264520137 ) ) ;
#426 = CARTESIAN_POINT ( 'NONE',  ( 0.5411905578252700355, -7.836778588237780951, -1.137307772455240062 ) ) ;
#427 = VERTEX_POINT ( 'NONE', #1988 ) ;
#428 = DIRECTION ( 'NONE',  ( 0.8853323061113567150, 0.000000000000000000, 0.4649588237204957397 ) ) ;
#429 = CARTESIAN_POINT ( 'NONE',  ( 1.501723086811549868, -7.836778588237780951, -4.542562513245909983 ) ) ;
#430 = DIRECTION ( 'NONE',  ( 0.8853323061113569370, 0.000000000000000000, 0.4649588237204952956 ) ) ;
#431 = AXIS2_PLACEMENT_3D ( 'NONE', #1604, #1084, #455 ) ;
#432 = CYLINDRICAL_SURFACE ( 'NONE', #128, 0.1250000000000001943 ) ;
#433 = AXIS2_PLACEMENT_3D ( 'NONE', #750, #1106, #2140 ) ;
#434 = DIRECTION ( 'NONE',  ( 1.224646799147339895E-16, -1.000000000000000000, -1.325286320771320103E-30 ) ) ;
#435 = EDGE_CURVE ( 'NONE', #920, #1095, #1648, .T. ) ;
#436 = CARTESIAN_POINT ( 'NONE',  ( 2.434733281820280038, -7.836778588237780951, -2.888918551078790031 ) ) ;
#437 = ORIENTED_EDGE ( 'NONE', *, *, #827, .F. ) ;
#438 = VECTOR ( 'NONE', #275, 100.0000000000000142 ) ;
#439 = CARTESIAN_POINT ( 'NONE',  ( 0.8360137942302858782, -7.836778588237780951, -2.824918551078780204 ) ) ;
#440 = VECTOR ( 'NONE', #1072, 100.0000000000000000 ) ;
#441 = AXIS2_PLACEMENT_3D ( 'NONE', #833, #305, #2237 ) ;
#442 = DIRECTION ( 'NONE',  ( -1.224646799147339895E-16, 1.000000000000000000, 1.325286320771320103E-30 ) ) ;
#443 = CARTESIAN_POINT ( 'NONE',  ( 0.5310927524526629639, -7.836778588237780951, -1.125323386051479968 ) ) ;
#444 = CARTESIAN_POINT ( 'NONE',  ( 0.7621129597740180506, -7.836778588237780951, -4.670960804116339737 ) ) ;
#445 = CARTESIAN_POINT ( 'NONE',  ( -0.3901582237110730045, -8.436778588237778820, -1.609144627195140176 ) ) ;
#446 = CARTESIAN_POINT ( 'NONE',  ( 2.112842034648469980, -7.836778588237780951, -1.736535426213180244 ) ) ;
#447 = CIRCLE ( 'NONE', #1908, 1.743714663591850345 ) ;
#448 = ORIENTED_EDGE ( 'NONE', *, *, #1053, .F. ) ;
#449 = FACE_OUTER_BOUND ( 'NONE', #411, .T. ) ;
#450 = AXIS2_PLACEMENT_3D ( 'NONE', #1731, #880, #637 ) ;
#451 = EDGE_CURVE ( 'NONE', #294, #189, #1017, .T. ) ;
#452 = EDGE_CURVE ( 'NONE', #1197, #1946, #1893, .T. ) ;
#453 = CARTESIAN_POINT ( 'NONE',  ( 0.5125880511076990054, -7.836778588237780951, -1.115768900004689979 ) ) ;
#454 = DIRECTION ( 'NONE',  ( 0.000000000000000000, -1.000000000000000000, 0.000000000000000000 ) ) ;
#455 = DIRECTION ( 'NONE',  ( 0.8853323061113566039, 0.000000000000000000, 0.4649588237204961838 ) ) ;
#456 = CARTESIAN_POINT ( 'NONE',  ( 1.285874664354510033, -7.836778588237780951, -1.201217263056290063 ) ) ;
#457 = CARTESIAN_POINT ( 'NONE',  ( -0.7257552761315699819, -7.836778588237780951, -1.837897424559999715 ) ) ;
#458 = EDGE_LOOP ( 'NONE', ( #832, #166, #642, #1 ) ) ;
#459 = DIRECTION ( 'NONE',  ( 0.8853323061113567150, 0.000000000000000000, 0.4649588237204959063 ) ) ;
#460 = LINE ( 'NONE', #1147, #361 ) ;
#461 = CARTESIAN_POINT ( 'NONE',  ( -0.3875198833871060233, -7.836778588237780951, -1.588486666581480078 ) ) ;
#462 = CARTESIAN_POINT ( 'NONE',  ( 1.408545216549209833, -8.436778588237778820, -4.558430422454599729 ) ) ;
#463 = DIRECTION ( 'NONE',  ( 0.8853323061113567150, 0.000000000000000000, 0.4649588237204957397 ) ) ;
#464 = CARTESIAN_POINT ( 'NONE',  ( 2.444939218421219973, -7.836778588237780951, -3.413399528037850406 ) ) ;
#465 = CARTESIAN_POINT ( 'NONE',  ( 1.636894360828200057, -7.836778588237780951, -1.165985170546549821 ) ) ;
#466 = DIRECTION ( 'NONE',  ( -0.8453323061113559023, 0.000000000000000000, 0.5342408560232518866 ) ) ;
#467 = FACE_OUTER_BOUND ( 'NONE', #770, .T. ) ;
#468 = CARTESIAN_POINT ( 'NONE',  ( 1.889242864907110242, -8.436778588237778820, -4.339046332991480348 ) ) ;
#469 = ORIENTED_EDGE ( 'NONE', *, *, #1571, .T. ) ;
#470 = CARTESIAN_POINT ( 'NONE',  ( -0.9624304341004471519, -7.836778588237780951, -3.065873785548660191 ) ) ;
#471 = CIRCLE ( 'NONE', #433, 0.4012853364081459540 ) ;
#472 = CARTESIAN_POINT ( 'NONE',  ( 2.514979470200829681, -7.836778588237780951, -2.379687283535599995 ) ) ;
#473 = DIRECTION ( 'NONE',  ( 1.224646799147339895E-16, -1.000000000000000000, -1.325286320771320103E-30 ) ) ;
#474 = ADVANCED_FACE ( 'NONE', ( #241 ), #2190, .F. ) ;
#475 = CARTESIAN_POINT ( 'NONE',  ( 2.111197670206200083, -8.436778588237778820, -1.781856127957480052 ) ) ;
#476 = ORIENTED_EDGE ( 'NONE', *, *, #1720, .F. ) ;
#477 = CARTESIAN_POINT ( 'NONE',  ( 2.545399820084199849, -8.436778588237778820, -2.830798698113727863 ) ) ;
#478 = ORIENTED_EDGE ( 'NONE', *, *, #1947, .F. ) ;
#479 = CARTESIAN_POINT ( 'NONE',  ( 1.990682453833349852, -7.836778588237780951, -1.389575411084460033 ) ) ;
#480 = EDGE_CURVE ( 'NONE', #1738, #1949, #1590, .T. ) ;
#481 = VERTEX_POINT ( 'NONE', #806 ) ;
#482 = CARTESIAN_POINT ( 'NONE',  ( 0.09207967627749179262, -8.436778588237778820, -1.408386861300610082 ) ) ;
#483 = CARTESIAN_POINT ( 'NONE',  ( 2.043124289542579852, -7.836778588237780951, -1.444580308703389937 ) ) ;
#484 = CARTESIAN_POINT ( 'NONE',  ( 2.016551086939049942, -8.436778588237778820, -3.937208400443640510 ) ) ;
#485 = DIRECTION ( 'NONE',  ( 0.000000000000000000, 1.000000000000000000, 0.000000000000000000 ) ) ;
#486 = ORIENTED_EDGE ( 'NONE', *, *, #101, .F. ) ;
#487 = PRODUCT_RELATED_PRODUCT_CATEGORY ( 'part', '', ( #675 ) ) ;
#488 = CARTESIAN_POINT ( 'NONE',  ( 1.219125257743320034, -8.436778588237778820, -1.235098519013800189 ) ) ;
#489 = DIRECTION ( 'NONE',  ( 0.8853323061113560488, 0.000000000000000000, 0.4649588237204969055 ) ) ;
#490 = B_SPLINE_CURVE_WITH_KNOTS ( 'NONE', 3,
 ( #424, #446, #945, #1472, #1099, #1628 ),
 .UNSPECIFIED., .F., .F.,
 ( 4, 2, 4 ),
 ( -0.09096973799598620514, -0.04548486329731750433, 0.000000000000000000 ),
 .UNSPECIFIED. ) ;
#491 = ORIENTED_EDGE ( 'NONE', *, *, #1599, .F. ) ;
#492 = DIRECTION ( 'NONE',  ( 0.9991996797437434630, 0.000000000000000000, -0.04000000000000553113 ) ) ;
#493 = B_SPLINE_SURFACE_WITH_KNOTS ( 'NONE', 3, 1, ( 
 ( #2129, #1446 ),
 ( #1261, #1953 ),
 ( #384, #1780 ),
 ( #210, #2138 ),
 ( #395, #1091 ),
 ( #2100, #1790 ) ),
 .UNSPECIFIED., .F., .F., .F.,
 ( 4, 2, 4 ),
 ( 2, 2 ),
 ( -0.09096970533353129773, -0.04548485715908049537, 0.000000000000000000 ),
 ( 0.000000000000000000, 0.5999999999999999778 ),
 .UNSPECIFIED. ) ;
#494 = CARTESIAN_POINT ( 'NONE',  ( 0.4039869439671719964, -8.436778588237778820, -4.487679737981729922 ) ) ;
#495 = ADVANCED_FACE ( 'NONE', ( #2180 ), #1203, .F. ) ;
#496 = ORIENTED_EDGE ( 'NONE', *, *, #1561, .F. ) ;
#497 = PRESENTATION_STYLE_ASSIGNMENT (( #664 ) ) ;
#498 = CARTESIAN_POINT ( 'NONE',  ( -0.9790485068951729763, -8.436778588237778820, -2.504552969694589848 ) ) ;
#499 = FACE_OUTER_BOUND ( 'NONE', #2066, .T. ) ;
#500 = CYLINDRICAL_SURFACE ( 'NONE', #276, 1.200000000000000400 ) ;
#501 = ORIENTED_EDGE ( 'NONE', *, *, #1457, .T. ) ;
#502 = CARTESIAN_POINT ( 'NONE',  ( 0.4969687316749840100, -8.436778588237778820, -1.114475821595269922 ) ) ;
#503 = ORIENTED_EDGE ( 'NONE', *, *, #182, .T. ) ;
#504 = DIRECTION ( 'NONE',  ( 0.000000000000000000, 1.000000000000000000, 0.000000000000000000 ) ) ;
#505 = CARTESIAN_POINT ( 'NONE',  ( -0.4834182739437489773, -7.836778588237780951, -3.938785501920269994 ) ) ;
#506 = EDGE_CURVE ( 'NONE', #2112, #481, #1194, .T. ) ;
#507 = AXIS2_PLACEMENT_3D ( 'NONE', #482, #1892, #1353 ) ;
#508 = ORIENTED_EDGE ( 'NONE', *, *, #2060, .T. ) ;
#509 = CARTESIAN_POINT ( 'NONE',  ( 2.506641610261890030, -8.436778588237778820, -2.373340767556329833 ) ) ;
#510 = DIRECTION ( 'NONE',  ( 0.000000000000000000, 1.000000000000000000, 0.000000000000000000 ) ) ;
#511 = CIRCLE ( 'NONE', #320, 0.4012853364081459540 ) ;
#512 = EDGE_CURVE ( 'NONE', #1000, #198, #2124, .T. ) ;
#513 = CARTESIAN_POINT ( 'NONE',  ( 2.481589822140870094, -7.836778588237780951, -2.367060471140149946 ) ) ;
#514 = LINE ( 'NONE', #349, #1789 ) ;
#515 = VERTEX_POINT ( 'NONE', #1371 ) ;
#516 = CARTESIAN_POINT ( 'NONE',  ( 1.636894360828200057, -8.436778588237778820, -1.165985170546549821 ) ) ;
#517 = CARTESIAN_POINT ( 'NONE',  ( 2.434733281820280038, -8.436778588237778820, -2.888918551078790031 ) ) ;
#518 = CARTESIAN_POINT ( 'NONE',  ( 2.527704450830160265, -8.436778588237778820, -2.402161469058940124 ) ) ;
#519 = VECTOR ( 'NONE', #1943, 100.0000000000000142 ) ;
#520 = AXIS2_PLACEMENT_3D ( 'NONE', #1403, #330, #1174 ) ;
#521 = EDGE_CURVE ( 'NONE', #529, #1075, #1402, .T. ) ;
#522 = EDGE_CURVE ( 'NONE', #528, #864, #793, .T. ) ;
#523 = CARTESIAN_POINT ( 'NONE',  ( -0.7561099532753920993, -8.436778588237778820, -2.273626751916760114 ) ) ;
#524 = FACE_OUTER_BOUND ( 'NONE', #5, .T. ) ;
#525 = CARTESIAN_POINT ( 'NONE',  ( 2.488497541451959894, -8.436778588237778820, -3.381549751420139582 ) ) ;
#526 = VERTEX_POINT ( 'NONE', #1693 ) ;
#527 = CARTESIAN_POINT ( 'NONE',  ( 1.219125257743320034, -7.836778588237780951, -1.235098519013800189 ) ) ;
#528 = VERTEX_POINT ( 'NONE', #16 ) ;
#529 = VERTEX_POINT ( 'NONE', #1552 ) ;
#530 = EDGE_LOOP ( 'NONE', ( #47, #2215, #410, #1698 ) ) ;
#531 = CARTESIAN_POINT ( 'NONE',  ( 1.154642965010630018, -8.436778588237778820, -4.479384061968129771 ) ) ;
#532 = CARTESIAN_POINT ( 'NONE',  ( 2.514979470200829681, -8.436778588237778820, -2.379687283535599995 ) ) ;
#533 = DIRECTION ( 'NONE',  ( 1.224646799147339895E-16, -1.000000000000000000, -1.325286320771320103E-30 ) ) ;
#534 = ORIENTED_EDGE ( 'NONE', *, *, #1703, .F. ) ;
#535 = CARTESIAN_POINT ( 'NONE',  ( 1.230855815774419826, -8.436778588237778820, -1.225489618308240214 ) ) ;
#536 = LINE ( 'NONE', #1238, #519 ) ;
#537 = ORIENTED_EDGE ( 'NONE', *, *, #295, .T. ) ;
#538 = CARTESIAN_POINT ( 'NONE',  ( -0.1294381136708329660, -7.836778588237780951, -4.235570093822012439 ) ) ;
#539 = VERTEX_POINT ( 'NONE', #1067 ) ;
#540 = ORIENTED_EDGE ( 'NONE', *, *, #421, .F. ) ;
#541 = VECTOR ( 'NONE', #1995, 100.0000000000000000 ) ;
#542 = CARTESIAN_POINT ( 'NONE',  ( -0.3860231772056409993, -7.836778588237780951, -1.624262053624960345 ) ) ;
#543 = PRESENTATION_LAYER_ASSIGNMENT (  '', '', ( #1752 ) ) ;
#544 = CARTESIAN_POINT ( 'NONE',  ( 1.990682453833349852, -8.436778588237778820, -1.389575411084460033 ) ) ;
#545 = EDGE_LOOP ( 'NONE', ( #496, #1921, #554, #1966 ) ) ;
#546 = EDGE_CURVE ( 'NONE', #1045, #2043, #1969, .T. ) ;
#547 = LINE ( 'NONE', #2109, #1575 ) ;
#548 = CARTESIAN_POINT ( 'NONE',  ( -0.4835645076743420034, -8.436778588237778820, -3.954462188075719808 ) ) ;
#549 = B_SPLINE_SURFACE_WITH_KNOTS ( 'NONE', 3, 1, ( 
 ( #216, #780 ),
 ( #1452, #62 ),
 ( #925, #206 ),
 ( #1290, #2166 ),
 ( #1971, #569 ),
 ( #1302, #1274 ) ),
 .UNSPECIFIED., .F., .F., .F.,
 ( 4, 2, 4 ),
 ( 2, 2 ),
 ( -0.1151452602694140043, -0.05757262976845960167, 0.000000000000000000 ),
 ( 0.000000000000000000, 0.5999999999999999778 ),
 .UNSPECIFIED. ) ;
#550 = VECTOR ( 'NONE', #906, 100.0000000000000142 ) ;
#551 = CARTESIAN_POINT ( 'NONE',  ( 1.579947912183079950, -7.836778588237780951, -4.241450240856949883 ) ) ;
#552 = ORIENTED_EDGE ( 'NONE', *, *, #896, .F. ) ;
#553 = CARTESIAN_POINT ( 'NONE',  ( 0.3769992110152490250, -7.836778588237780951, -4.502745740529880081 ) ) ;
#554 = ORIENTED_EDGE ( 'NONE', *, *, #938, .F. ) ;
#555 = ADVANCED_FACE ( 'NONE', ( #1341 ), #722, .F. ) ;
#556 = DIRECTION ( 'NONE',  ( 1.224646799147339895E-16, -1.000000000000000000, -1.325286320771320103E-30 ) ) ;
#557 = CARTESIAN_POINT ( 'NONE',  ( -0.3828234519781829603, -7.836778588237780951, -1.579120363808480088 ) ) ;
#558 = DIRECTION ( 'NONE',  ( 0.000000000000000000, -1.000000000000000000, 0.000000000000000000 ) ) ;
#559 = ORIENTED_EDGE ( 'NONE', *, *, #1184, .F. ) ;
#560 = ORIENTED_EDGE ( 'NONE', *, *, #734, .T. ) ;
#561 = VECTOR ( 'NONE', #946, 100.0000000000000000 ) ;
#562 = CARTESIAN_POINT ( 'NONE',  ( 2.397782864592139962, -7.836778588237780951, -3.811939677597549814 ) ) ;
#563 = VERTEX_POINT ( 'NONE', #2048 ) ;
#564 = CARTESIAN_POINT ( 'NONE',  ( 2.397782864592139962, -8.436778588237778820, -3.811939677597549814 ) ) ;
#565 = DIRECTION ( 'NONE',  ( -1.224646799147339895E-16, 1.000000000000000000, 1.325286320771320103E-30 ) ) ;
#566 = LINE ( 'NONE', #398, #59 ) ;
#567 = ORIENTED_EDGE ( 'NONE', *, *, #1407, .F. ) ;
#568 = VERTEX_POINT ( 'NONE', #1767 ) ;
#569 = CARTESIAN_POINT ( 'NONE',  ( 1.889242864907110242, -8.436778588237778820, -4.339046332991480348 ) ) ;
#570 = ORIENTED_EDGE ( 'NONE', *, *, #521, .T. ) ;
#571 = DIRECTION ( 'NONE',  ( 0.8853323061113569370, 0.000000000000000000, 0.4649588237204952956 ) ) ;
#572 = EDGE_CURVE ( 'NONE', #943, #1240, #1256, .T. ) ;
#573 = CARTESIAN_POINT ( 'NONE',  ( -0.3860231772056409993, -8.436778588237778820, -1.624262053624960345 ) ) ;
#574 = CARTESIAN_POINT ( 'NONE',  ( -0.4722848394152010520, -8.436778588237778820, -3.977695855342960218 ) ) ;
#575 = CIRCLE ( 'NONE', #1427, 0.4012853364081460650 ) ;
#576 = CYLINDRICAL_SURFACE ( 'NONE', #1854, 0.1250000000000001943 ) ;
#577 = ORIENTED_EDGE ( 'NONE', *, *, #1464, .F. ) ;
#578 = ORIENTED_EDGE ( 'NONE', *, *, #1285, .T. ) ;
#579 = EDGE_LOOP ( 'NONE', ( #1129, #957, #932, #1252 ) ) ;
#580 = CIRCLE ( 'NONE', #2191, 1.743714663591850345 ) ;
#581 = CARTESIAN_POINT ( 'NONE',  ( -0.6752862121410889706, -7.836778588237780951, -2.235996400690420050 ) ) ;
#582 = EDGE_CURVE ( 'NONE', #1984, #1264, #856, .T. ) ;
#583 = CARTESIAN_POINT ( 'NONE',  ( 1.126556878884320101, -8.436778588237778820, -4.468190137170320320 ) ) ;
#584 = DIRECTION ( 'NONE',  ( 0.8853323061113569370, 0.000000000000000000, 0.4649588237204952956 ) ) ;
#585 = ORIENTED_EDGE ( 'NONE', *, *, #1464, .T. ) ;
#586 = ORIENTED_EDGE ( 'NONE', *, *, #1379, .F. ) ;
#587 = CARTESIAN_POINT ( 'NONE',  ( -0.4780883935556139996, -8.436778588237778820, -3.924048352743220391 ) ) ;
#588 = DIRECTION ( 'NONE',  ( 0.8853323061113569370, 0.000000000000000000, 0.4649588237204952956 ) ) ;
#589 = CARTESIAN_POINT ( 'NONE',  ( 1.580132625603570373, -7.836778588237780951, -1.530506714265672086 ) ) ;
#590 = CARTESIAN_POINT ( 'NONE',  ( -0.3832909482798210199, -8.436778588237778820, -1.628736947018829984 ) ) ;
#591 = AXIS2_PLACEMENT_3D ( 'NONE', #104, #434, #459 ) ;
#592 = VERTEX_POINT ( 'NONE', #197 ) ;
#593 = PLANE ( 'NONE',  #105 ) ;
#594 = CARTESIAN_POINT ( 'NONE',  ( -0.9843641579540389763, -8.436778588237778820, -2.542617728905950170 ) ) ;
#595 = DIRECTION ( 'NONE',  ( 1.224646799147339895E-16, -1.000000000000000000, -1.325286320771320103E-30 ) ) ;
#596 = CARTESIAN_POINT ( 'NONE',  ( 1.938206027481439886, -7.836778588237780951, -4.280263156048859763 ) ) ;
#597 = MANIFOLD_SOLID_BREP ( 'prototype 6.0 v13.step<1>', #1278 ) ;
#598 = ADVANCED_FACE ( 'NONE', ( #1652 ), #905, .F. ) ;
#599 = CARTESIAN_POINT ( 'NONE',  ( -0.7561099532753920993, -7.836778588237780951, -2.273626751916760114 ) ) ;
#600 = CARTESIAN_POINT ( 'NONE',  ( 0.3917777185295899800, -8.436778588237778820, -4.497513571792280729 ) ) ;
#601 = ORIENTED_EDGE ( 'NONE', *, *, #1437, .F. ) ;
#602 = CARTESIAN_POINT ( 'NONE',  ( -0.7048966999133710054, -7.836778588237780951, -2.242108131547730032 ) ) ;
#603 = CARTESIAN_POINT ( 'NONE',  ( 1.690799163867490185, -7.836778588237780951, -1.472386861300609917 ) ) ;
#604 = VERTEX_POINT ( 'NONE', #590 ) ;
#605 = ADVANCED_FACE ( 'NONE', ( #1640 ), #549, .F. ) ;
#606 = CARTESIAN_POINT ( 'NONE',  ( 2.055233652719089754, -7.836778588237780951, -1.481056949535999978 ) ) ;
#607 = CARTESIAN_POINT ( 'NONE',  ( 2.023976528706779909, -7.836778588237780951, -3.996883285278699738 ) ) ;
#608 = CARTESIAN_POINT ( 'NONE',  ( 1.285874664354510033, -8.436778588237778820, -1.201217263056290063 ) ) ;
#609 = CARTESIAN_POINT ( 'NONE',  ( -0.7950832044169708901, -7.836778588237780951, -3.247178253393699698 ) ) ;
#610 = AXIS2_PLACEMENT_3D ( 'NONE', #250, #1672, #2171 ) ;
#611 = CARTESIAN_POINT ( 'NONE',  ( -0.3879662089228799737, -8.436778588237778820, -1.619391730182459854 ) ) ;
#612 = EDGE_CURVE ( 'NONE', #294, #427, #1487, .T. ) ;
#613 = ORIENTED_EDGE ( 'NONE', *, *, #522, .F. ) ;
#614 = CARTESIAN_POINT ( 'NONE',  ( 1.690799163867490185, -7.836778588237780951, -1.472386861300609917 ) ) ;
#615 = DIRECTION ( 'NONE',  ( -1.224646799147339895E-16, 1.000000000000000000, 1.325286320771320103E-30 ) ) ;
#616 = AXIS2_PLACEMENT_3D ( 'NONE', #351, #2120, #1568 ) ;
#617 = CARTESIAN_POINT ( 'NONE',  ( 1.620672382604090078, -7.836778588237780951, -1.155731528912019801 ) ) ;
#618 = DIRECTION ( 'NONE',  ( 0.8853323061113567150, 0.000000000000000000, 0.4649588237204959063 ) ) ;
#619 = VECTOR ( 'NONE', #1433, 100.0000000000000000 ) ;
#620 = EDGE_LOOP ( 'NONE', ( #2095, #1956, #1944, #746 ) ) ;
#621 = CARTESIAN_POINT ( 'NONE',  ( 0.7621129597740180506, -7.836778588237780951, -4.670960804116339737 ) ) ;
#622 = DIRECTION ( 'NONE',  ( 0.8853323061113567150, 0.000000000000000000, 0.4649588237204957397 ) ) ;
#623 = EDGE_CURVE ( 'NONE', #1229, #592, #1279, .T. ) ;
#624 = ORIENTED_EDGE ( 'NONE', *, *, #1330, .T. ) ;
#625 = DIRECTION ( 'NONE',  ( 0.8853323061113567150, 0.000000000000000000, 0.4649588237204959063 ) ) ;
#626 = DIRECTION ( 'NONE',  ( 1.224646799147339895E-16, -1.000000000000000000, -1.328812179283822000E-30 ) ) ;
#627 = CARTESIAN_POINT ( 'NONE',  ( 1.545283076769459862, -7.836778588237780951, -1.142719774744340056 ) ) ;
#628 = DIRECTION ( 'NONE',  ( 0.8853323061113566039, 0.000000000000000000, 0.4649588237204957952 ) ) ;
#629 = CARTESIAN_POINT ( 'NONE',  ( 0.3613279134205030219, -8.436778588237778820, -4.502786007275619617 ) ) ;
#630 = CARTESIAN_POINT ( 'NONE',  ( 1.904351557280590024, -8.436778588237778820, -4.326830561434990230 ) ) ;
#631 = VERTEX_POINT ( 'NONE', #2177 ) ;
#632 = CARTESIAN_POINT ( 'NONE',  ( 1.126556878884320101, -8.436778588237778820, -4.468190137170320320 ) ) ;
#633 = ORIENTED_EDGE ( 'NONE', *, *, #33, .F. ) ;
#634 = ORIENTED_EDGE ( 'NONE', *, *, #623, .F. ) ;
#635 = EDGE_CURVE ( 'NONE', #414, #1494, #130, .T. ) ;
#636 = DIRECTION ( 'NONE',  ( 0.6782565980587678123, 0.000000000000000000, -0.7348251405536878611 ) ) ;
#637 = DIRECTION ( 'NONE',  ( 0.8853323061113569370, 0.000000000000000000, 0.4649588237204952956 ) ) ;
#638 = CARTESIAN_POINT ( 'NONE',  ( 1.466100212816140003, -7.836778588237780951, -4.556991403996950574 ) ) ;
#639 = ORIENTED_EDGE ( 'NONE', *, *, #133, .F. ) ;
#640 = DIRECTION ( 'NONE',  ( 0.000000000000000000, -1.000000000000000000, 0.000000000000000000 ) ) ;
#641 = CARTESIAN_POINT ( 'NONE',  ( 0.4918286806541020684, -8.436778588237778820, -1.115510046473219941 ) ) ;
#642 = ORIENTED_EDGE ( 'NONE', *, *, #1834, .F. ) ;
#643 = PLANE ( 'NONE',  #65 ) ;
#644 = CIRCLE ( 'NONE', #951, 0.1250000000000001943 ) ;
#645 = ORIENTED_EDGE ( 'NONE', *, *, #1889, .T. ) ;
#646 = VECTOR ( 'NONE', #2111, 100.0000000000000142 ) ;
#647 = AXIS2_PLACEMENT_3D ( 'NONE', #1705, #1223, #2091 ) ;
#648 = DIRECTION ( 'NONE',  ( -1.224646799147339895E-16, 1.000000000000000000, 1.317993615341604023E-30 ) ) ;
#649 = ADVANCED_FACE ( 'NONE', ( #914 ), #1267, .F. ) ;
#650 = DIRECTION ( 'NONE',  ( 0.000000000000000000, -1.000000000000000000, 0.000000000000000000 ) ) ;
#651 = CARTESIAN_POINT ( 'NONE',  ( 1.081642254328309960, -7.836778588237780951, -4.428203824530090316 ) ) ;
#652 = CARTESIAN_POINT ( 'NONE',  ( -1.001873864820320037, -7.836778588237780951, -2.979977791332820036 ) ) ;
#653 = CIRCLE ( 'NONE', #807, 0.4012853364081462315 ) ;
#654 = CARTESIAN_POINT ( 'NONE',  ( 2.017249922753249880, -8.436778588237778820, -4.026360136785889665 ) ) ;
#655 = CYLINDRICAL_SURFACE ( 'NONE', #694, 0.1250000000000000555 ) ;
#656 = EDGE_LOOP ( 'NONE', ( #2245, #503, #736, #721 ) ) ;
#657 = FACE_OUTER_BOUND ( 'NONE', #341, .T. ) ;
#658 = CARTESIAN_POINT ( 'NONE',  ( 0.3665395391698579863, -8.436778588237778820, -4.503361663009119553 ) ) ;
#659 = ORIENTED_EDGE ( 'NONE', *, *, #353, .F. ) ;
#660 = DIRECTION ( 'NONE',  ( 0.8853323061113566039, 0.000000000000000000, 0.4649588237204957952 ) ) ;
#661 = LINE ( 'NONE', #1839, #1646 ) ;
#662 = ORIENTED_EDGE ( 'NONE', *, *, #635, .F. ) ;
#663 = ORIENTED_EDGE ( 'NONE', *, *, #1360, .F. ) ;
#664 = SURFACE_STYLE_USAGE ( .BOTH. , #1542 ) ;
#665 = CARTESIAN_POINT ( 'NONE',  ( 1.081642254328309960, -8.436778588237778820, -4.428203824530090316 ) ) ;
#666 =( GEOMETRIC_REPRESENTATION_CONTEXT ( 3 ) GLOBAL_UNCERTAINTY_ASSIGNED_CONTEXT ( ( #1970 ) ) GLOBAL_UNIT_ASSIGNED_CONTEXT ( ( #1198, #688, #1524 ) ) REPRESENTATION_CONTEXT ( 'NONE', 'WORKASPACE' ) );
#667 = DIRECTION ( 'NONE',  ( 0.000000000000000000, 1.000000000000000000, 0.000000000000000000 ) ) ;
#668 = CARTESIAN_POINT ( 'NONE',  ( 2.397782864592139962, -7.836778588237780951, -3.811939677597549814 ) ) ;
#669 = ORIENTED_EDGE ( 'NONE', *, *, #1345, .F. ) ;
#670 = CARTESIAN_POINT ( 'NONE',  ( 1.230855815774419826, -7.836778588237780951, -1.225489618308240214 ) ) ;
#671 = EDGE_CURVE ( 'NONE', #1540, #32, #2209, .T. ) ;
#672 = CARTESIAN_POINT ( 'NONE',  ( 1.690614450446999761, -8.436778588237778820, -4.183330387891888158 ) ) ;
#673 = CARTESIAN_POINT ( 'NONE',  ( -0.9374144211205960309, -7.836778588237780951, -2.440973981600389919 ) ) ;
#674 = VERTEX_POINT ( 'NONE', #470 ) ;
#675 = PRODUCT ( 'hd hex motor v3(Mirror)-0.step', 'hd hex motor v3(Mirror)-0.step', '', ( #1570 ) ) ;
#676 = CARTESIAN_POINT ( 'NONE',  ( 0.3917777185295899800, -8.436778588237778820, -4.497513571792280729 ) ) ;
#677 = EDGE_CURVE ( 'NONE', #1029, #1870, #1231, .T. ) ;
#678 = ORIENTED_EDGE ( 'NONE', *, *, #1065, .F. ) ;
#679 = FACE_BOUND ( 'NONE', #1626, .T. ) ;
#680 = CARTESIAN_POINT ( 'NONE',  ( 1.813788407330779728, -8.436778588237778820, -1.277780290815499820 ) ) ;
#681 = CARTESIAN_POINT ( 'NONE',  ( 1.872251961658249586, -7.836778588237780951, -4.347968157415939672 ) ) ;
#682 = CARTESIAN_POINT ( 'NONE',  ( 2.111197670206200083, -7.836778588237780951, -1.781856127957480052 ) ) ;
#683 = DIRECTION ( 'NONE',  ( -0.4649588237204930752, 0.000000000000000000, 0.8853323061113581582 ) ) ;
#684 = EDGE_LOOP ( 'NONE', ( #1796, #1399, #1659, #1378 ) ) ;
#685 = CARTESIAN_POINT ( 'NONE',  ( 2.477893682491040028, -8.436778588237778820, -3.399398466833809973 ) ) ;
#686 = CARTESIAN_POINT ( 'NONE',  ( 1.230855815774419826, -7.836778588237780951, -1.225489618308240214 ) ) ;
#687 = ORIENTED_EDGE ( 'NONE', *, *, #1901, .F. ) ;
#688 =( NAMED_UNIT ( * ) PLANE_ANGLE_UNIT ( ) SI_UNIT ( $, .RADIAN. ) );
#689 = EDGE_CURVE ( 'NONE', #1582, #1042, #997, .T. ) ;
#690 = B_SPLINE_CURVE_WITH_KNOTS ( 'NONE', 3,
 ( #544, #21, #1978, #1271, #897, #2151 ),
 .UNSPECIFIED., .F., .F.,
 ( 4, 2, 4 ),
 ( -0.1151452602694389982, -0.05757262976847040553, 0.000000000000000000 ),
 .UNSPECIFIED. ) ;
#691 = CIRCLE ( 'NONE', #1124, 1.743714663591850345 ) ;
#692 = EDGE_CURVE ( 'NONE', #871, #604, #2229, .T. ) ;
#693 = ORIENTED_EDGE ( 'NONE', *, *, #1219, .F. ) ;
#694 = AXIS2_PLACEMENT_3D ( 'NONE', #831, #1884, #1357 ) ;
#695 = DIRECTION ( 'NONE',  ( 0.8853323061113567150, 0.000000000000000000, 0.4649588237204959063 ) ) ;
#696 = CARTESIAN_POINT ( 'NONE',  ( 2.101685340503520294, -8.436778588237778820, -1.810555428015629742 ) ) ;
#697 = ORIENTED_EDGE ( 'NONE', *, *, #1703, .T. ) ;
#698 = CARTESIAN_POINT ( 'NONE',  ( 1.256983659148889876, -7.836778588237780951, -1.210130277172900115 ) ) ;
#699 = ORIENTED_EDGE ( 'NONE', *, *, #1654, .F. ) ;
#700 = ORIENTED_EDGE ( 'NONE', *, *, #386, .F. ) ;
#701 = LINE ( 'NONE', #1878, #1866 ) ;
#702 = CARTESIAN_POINT ( 'NONE',  ( -0.3879662089228799737, -7.836778588237780951, -1.619391730182459854 ) ) ;
#703 = CIRCLE ( 'NONE', #2012, 0.1250000000000000278 ) ;
#704 = CARTESIAN_POINT ( 'NONE',  ( 2.486831307962099835, -8.436778588237778820, -2.366931738178370104 ) ) ;
#705 = CARTESIAN_POINT ( 'NONE',  ( 0.09207967627749179262, -7.836778588237780951, -1.408386861300610082 ) ) ;
#706 = CARTESIAN_POINT ( 'NONE',  ( 1.898412561563913359, -7.836778588237780951, -2.266967962614184984 ) ) ;
#707 = ORIENTED_EDGE ( 'NONE', *, *, #1334, .F. ) ;
#708 = CARTESIAN_POINT ( 'NONE',  ( 0.8360137942302858782, -7.836778588237780951, -2.824918551078780204 ) ) ;
#709 = CARTESIAN_POINT ( 'NONE',  ( 1.580132625603570373, -7.836778588237780951, -1.530506714265671864 ) ) ;
#710 = ORIENTED_EDGE ( 'NONE', *, *, #127, .F. ) ;
#711 = CARTESIAN_POINT ( 'NONE',  ( -0.2551806046742750023, -7.836778588237780951, -3.832110275989159653 ) ) ;
#712 = VERTEX_POINT ( 'NONE', #1525 ) ;
#713 = B_SPLINE_SURFACE_WITH_KNOTS ( 'NONE', 3, 1, ( 
 ( #100, #1307 ),
 ( #1326, #1483 ),
 ( #109, #1649 ),
 ( #70, #1154 ),
 ( #617, #251 ),
 ( #260, #422 ) ),
 .UNSPECIFIED., .F., .F., .F.,
 ( 4, 2, 4 ),
 ( 2, 2 ),
 ( -0.1151452602693650018, -0.05757262976845130276, 0.000000000000000000 ),
 ( 0.000000000000000000, 0.5999999999999999778 ),
 .UNSPECIFIED. ) ;
#714 = DIRECTION ( 'NONE',  ( 0.8853323061113567150, 0.000000000000000000, 0.4649588237204956842 ) ) ;
#715 = CARTESIAN_POINT ( 'NONE',  ( -0.7561099532753920993, -8.436778588237778820, -2.273626751916760114 ) ) ;
#716 = FACE_BOUND ( 'NONE', #854, .T. ) ;
#717 = ADVANCED_FACE ( 'NONE', ( #449 ), #643, .F. ) ;
#718 = CYLINDRICAL_SURFACE ( 'NONE', #1054, 0.1250000000000000278 ) ;
#719 = EDGE_LOOP ( 'NONE', ( #63, #1942, #2141, #1888 ) ) ;
#720 = CARTESIAN_POINT ( 'NONE',  ( 1.564706079894790269, -8.436778588237778820, -1.142225184830079954 ) ) ;
#721 = ORIENTED_EDGE ( 'NONE', *, *, #1841, .F. ) ;
#722 = PLANE ( 'NONE',  #2252 ) ;
#723 = ORIENTED_EDGE ( 'NONE', *, *, #1239, .T. ) ;
#724 = DIRECTION ( 'NONE',  ( 0.000000000000000000, 1.000000000000000000, 0.000000000000000000 ) ) ;
#725 = AXIS2_PLACEMENT_3D ( 'NONE', #1591, #2117, #1434 ) ;
#726 = VECTOR ( 'NONE', #299, 100.0000000000000000 ) ;
#727 = FACE_OUTER_BOUND ( 'NONE', #1726, .T. ) ;
#728 = CARTESIAN_POINT ( 'NONE',  ( 0.4097425088298089491, -7.836778588237780951, -4.478958235077339367 ) ) ;
#729 = ORIENTED_EDGE ( 'NONE', *, *, #2060, .F. ) ;
#730 = CARTESIAN_POINT ( 'NONE',  ( 1.140167109204699880, -8.436778588237778820, -4.474875805982979848 ) ) ;
#731 = EDGE_CURVE ( 'NONE', #2098, #1470, #2204, .T. ) ;
#732 = ORIENTED_EDGE ( 'NONE', *, *, #755, .F. ) ;
#733 = UNCERTAINTY_MEASURE_WITH_UNIT (LENGTH_MEASURE( 1.000000000000000082E-05 ), #948, 'distance_accuracy_value', 'NONE');
#734 = EDGE_CURVE ( 'NONE', #1430, #1667, #460, .T. ) ;
#735 = CARTESIAN_POINT ( 'NONE',  ( -0.4804143074233640509, -7.836778588237780951, -3.928747559803909883 ) ) ;
#736 = ORIENTED_EDGE ( 'NONE', *, *, #512, .T. ) ;
#737 = CARTESIAN_POINT ( 'NONE',  ( 0.5022099788852240065, -7.836778588237780951, -1.114318498413970016 ) ) ;
#738 = ORIENTED_EDGE ( 'NONE', *, *, #1234, .T. ) ;
#739 = CARTESIAN_POINT ( 'NONE',  ( -0.3832909482798210199, -7.836778588237780951, -1.628736947018829984 ) ) ;
#740 = CARTESIAN_POINT ( 'NONE',  ( -0.7048966999133710054, -8.436778588237778820, -2.242108131547730032 ) ) ;
#741 = LINE ( 'NONE', #199, #25 ) ;
#742 = CARTESIAN_POINT ( 'NONE',  ( 2.439724647104139610, -8.436778588237778820, -3.412852208368170270 ) ) ;
#743 = ORIENTED_EDGE ( 'NONE', *, *, #1801, .F. ) ;
#744 = CARTESIAN_POINT ( 'NONE',  ( -0.4722848394152010520, -8.436778588237778820, -3.977695855342960218 ) ) ;
#745 = AXIS2_PLACEMENT_3D ( 'NONE', #283, #2216, #660 ) ;
#746 = ORIENTED_EDGE ( 'NONE', *, *, #612, .T. ) ;
#747 = CARTESIAN_POINT ( 'NONE',  ( -0.3860231772056409993, -7.836778588237780951, -1.624262053624960345 ) ) ;
#748 = B_SPLINE_SURFACE_WITH_KNOTS ( 'NONE', 3, 1, ( 
 ( #2147, #715 ),
 ( #393, #1080 ),
 ( #892, #1779 ),
 ( #1609, #740 ),
 ( #406, #2158 ),
 ( #581, #1103 ) ),
 .UNSPECIFIED., .F., .F., .F.,
 ( 4, 2, 4 ),
 ( 2, 2 ),
 ( -0.09096973799248829484, -0.04548486329592100336, 0.000000000000000000 ),
 ( 0.000000000000000000, 0.5999999999999999778 ),
 .UNSPECIFIED. ) ;
#749 = DIRECTION ( 'NONE',  ( 1.224646799147339895E-16, -1.000000000000000000, -1.328812179283822000E-30 ) ) ;
#750 = CARTESIAN_POINT ( 'NONE',  ( -0.7257552761315699819, -7.836778588237780951, -1.837897424559999715 ) ) ;
#751 = VERTEX_POINT ( 'NONE', #1875 ) ;
#752 = VERTEX_POINT ( 'NONE', #1680 ) ;
#753 = CARTESIAN_POINT ( 'NONE',  ( -0.4750071151591480634, -8.436778588237778820, -3.919806061347640203 ) ) ;
#754 = CARTESIAN_POINT ( 'NONE',  ( -0.4750071151591480634, -7.836778588237780951, -3.919806061347640203 ) ) ;
#755 = EDGE_CURVE ( 'NONE', #821, #943, #1665, .T. ) ;
#756 = CARTESIAN_POINT ( 'NONE',  ( 1.501723086811549868, -7.836778588237780951, -4.542562513245909983 ) ) ;
#757 =( NAMED_UNIT ( * ) SI_UNIT ( $, .STERADIAN. ) SOLID_ANGLE_UNIT ( ) );
#758 = VERTEX_POINT ( 'NONE', #791 ) ;
#759 = EDGE_CURVE ( 'NONE', #1937, #1029, #661, .T. ) ;
#760 = CARTESIAN_POINT ( 'NONE',  ( 1.579947912183079950, -8.436778588237778820, -4.241450240856949883 ) ) ;
#761 = CARTESIAN_POINT ( 'NONE',  ( 2.016551086939049942, -7.836778588237780951, -3.937208400443640510 ) ) ;
#762 = AXIS2_PLACEMENT_3D ( 'NONE', #2007, #2211, #628 ) ;
#763 = CARTESIAN_POINT ( 'NONE',  ( 2.486823180959040425, -7.836778588237780951, -3.386518278619960576 ) ) ;
#764 = VERTEX_POINT ( 'NONE', #1514 ) ;
#765 = ORIENTED_EDGE ( 'NONE', *, *, #421, .T. ) ;
#766 = CARTESIAN_POINT ( 'NONE',  ( -1.001104939795570026, -8.436778588237778820, -2.960802325273829805 ) ) ;
#767 = CARTESIAN_POINT ( 'NONE',  ( -0.4785073994198980052, -8.436778588237778820, -3.969301161380180076 ) ) ;
#768 = DIRECTION ( 'NONE',  ( -1.224646799147339895E-16, 1.000000000000000000, 1.325724576829755970E-30 ) ) ;
#769 = CARTESIAN_POINT ( 'NONE',  ( 0.5269001619086930432, -7.836778588237780951, -1.122165585001239974 ) ) ;
#770 = EDGE_LOOP ( 'NONE', ( #354, #1756, #1907, #152 ) ) ;
#771 = VECTOR ( 'NONE', #939, 100.0000000000000142 ) ;
#772 = CIRCLE ( 'NONE', #1713, 0.1250000000000000555 ) ;
#773 = DIRECTION ( 'NONE',  ( 0.8853323061113567150, 0.000000000000000000, 0.4649588237204959063 ) ) ;
#774 = EDGE_CURVE ( 'NONE', #1237, #758, #316, .T. ) ;
#775 = CARTESIAN_POINT ( 'NONE',  ( 1.904351557280590024, -7.836778588237780951, -4.326830561434990230 ) ) ;
#776 = CARTESIAN_POINT ( 'NONE',  ( 2.434733281820280038, -7.836778588237780951, -2.888918551078790031 ) ) ;
#777 = VECTOR ( 'NONE', #1914, 100.0000000000000000 ) ;
#778 = ORIENTED_EDGE ( 'NONE', *, *, #353, .T. ) ;
#779 = LINE ( 'NONE', #589, #1987 ) ;
#780 = CARTESIAN_POINT ( 'NONE',  ( 1.943909262621420053, -8.436778588237778820, -4.261939322867750235 ) ) ;
#781 = ORIENTED_EDGE ( 'NONE', *, *, #238, .T. ) ;
#782 = CARTESIAN_POINT ( 'NONE',  ( -0.7996561105878380316, -7.836778588237780951, -3.683939677597559914 ) ) ;
#783 = ADVANCED_FACE ( 'NONE', ( #254 ), #967, .F. ) ;
#784 = CARTESIAN_POINT ( 'NONE',  ( 0.5382838820669400004, -7.836778588237780951, -1.132943868428410106 ) ) ;
#785 = CARTESIAN_POINT ( 'NONE',  ( 1.602538867922600030, -7.836778588237780951, -1.148754903276870021 ) ) ;
#786 = DIRECTION ( 'NONE',  ( 0.000000000000000000, 1.000000000000000000, 0.000000000000000000 ) ) ;
#787 = CARTESIAN_POINT ( 'NONE',  ( 0.4039869439671719964, -7.836778588237780951, -4.487679737981729922 ) ) ;
#788 = EDGE_CURVE ( 'NONE', #1494, #414, #1608, .T. ) ;
#789 = ORIENTED_EDGE ( 'NONE', *, *, #347, .T. ) ;
#790 = LINE ( 'NONE', #1639, #1911 ) ;
#791 = CARTESIAN_POINT ( 'NONE',  ( 2.324066743556360670, -7.836778588237780951, -2.947038404043851756 ) ) ;
#792 = CARTESIAN_POINT ( 'NONE',  ( 1.271084762059039974, -8.436778588237778820, -1.204553950395409911 ) ) ;
#793 = CIRCLE ( 'NONE', #1389, 0.1250000000000000555 ) ;
#794 = CARTESIAN_POINT ( 'NONE',  ( 1.390222151092370018, -7.836778588237780951, -4.552724722099930510 ) ) ;
#795 = COLOUR_RGB ( '',0.7921568627450980005, 0.8196078431372548767, 0.9333333333333333481 ) ;
#796 = CARTESIAN_POINT ( 'NONE',  ( -0.9927345488748040570, -7.836778588237780951, -2.751710027089879773 ) ) ;
#797 = DIRECTION ( 'NONE',  ( 0.000000000000000000, 1.000000000000000000, 0.000000000000000000 ) ) ;
#798 = ORIENTED_EDGE ( 'NONE', *, *, #1128, .T. ) ;
#799 = CARTESIAN_POINT ( 'NONE',  ( 2.471683699048409899, -7.836778588237780951, -1.965897424559990059 ) ) ;
#800 = CARTESIAN_POINT ( 'NONE',  ( -0.9515172353025420637, -7.836778588237780951, -2.453989371583889856 ) ) ;
#801 = CARTESIAN_POINT ( 'NONE',  ( -0.3797191066144509630, -7.836778588237780951, -1.574894791381280301 ) ) ;
#802 = ORIENTED_EDGE ( 'NONE', *, *, #858, .T. ) ;
#803 = VECTOR ( 'NONE', #2208, 100.0000000000000000 ) ;
#804 = AXIS2_PLACEMENT_3D ( 'NONE', #1102, #927, #1950 ) ;
#805 = CARTESIAN_POINT ( 'NONE',  ( -0.01858686198642776899, -7.836778588237780951, -1.466506714265672029 ) ) ;
#806 = CARTESIAN_POINT ( 'NONE',  ( -0.01858686198642776899, -8.436778588237778820, -1.466506714265672029 ) ) ;
#807 = AXIS2_PLACEMENT_3D ( 'NONE', #116, #1843, #1508 ) ;
#808 = CARTESIAN_POINT ( 'NONE',  ( 2.112842034648469980, -8.436778588237778820, -1.736535426213180244 ) ) ;
#809 = CARTESIAN_POINT ( 'NONE',  ( -0.9790485068951729763, -8.436778588237778820, -2.504552969694589848 ) ) ;
#810 = ORIENTED_EDGE ( 'NONE', *, *, #1918, .T. ) ;
#811 = CARTESIAN_POINT ( 'NONE',  ( 1.469281373919160361, -7.836778588237780951, -4.299570093822011607 ) ) ;
#812 = CARTESIAN_POINT ( 'NONE',  ( 1.090815488828539959, -8.436778588237778820, -4.440275548646459569 ) ) ;
#813 = AXIS2_PLACEMENT_3D ( 'NONE', #1447, #396, #1093 ) ;
#814 = ADVANCED_FACE ( 'NONE', ( #1669 ), #92, .T. ) ;
#815 = B_SPLINE_CURVE_WITH_KNOTS ( 'NONE', 3,
 ( #761, #1662, #78, #607, #419, #930 ),
 .UNSPECIFIED., .F., .F.,
 ( 4, 2, 4 ),
 ( -0.09096970533380949187, -0.04548485715897369885, 0.000000000000000000 ),
 .UNSPECIFIED. ) ;
#816 = ORIENTED_EDGE ( 'NONE', *, *, #1571, .F. ) ;
#817 = AXIS2_PLACEMENT_3D ( 'NONE', #153, #492, #836 ) ;
#818 = CARTESIAN_POINT ( 'NONE',  ( 2.526432575884809850, -7.836778588237780951, -2.397074854579419600 ) ) ;
#819 = DIRECTION ( 'NONE',  ( 0.7348251405536903036, 0.000000000000000000, 0.6782565980587652588 ) ) ;
#820 = CARTESIAN_POINT ( 'NONE',  ( 2.111197670206200083, -8.436778588237778820, -1.781856127957480052 ) ) ;
#821 = VERTEX_POINT ( 'NONE', #106 ) ;
#822 = LINE ( 'NONE', #1170, #1820 ) ;
#823 = CARTESIAN_POINT ( 'NONE',  ( 0.5433238507458689748, -8.436778588237778820, -1.142097383520510157 ) ) ;
#824 = ORIENTED_EDGE ( 'NONE', *, *, #1526, .F. ) ;
#825 = DIRECTION ( 'NONE',  ( 0.8853323061113569370, 0.000000000000000000, 0.4649588237204952956 ) ) ;
#826 = CARTESIAN_POINT ( 'NONE',  ( 1.526562554169909935, -7.836778588237780951, -1.146942544819919974 ) ) ;
#827 = EDGE_CURVE ( 'NONE', #174, #1802, #1329, .T. ) ;
#828 = CARTESIAN_POINT ( 'NONE',  ( 0.3917777185295899800, -7.836778588237780951, -4.497513571792280729 ) ) ;
#829 = CARTESIAN_POINT ( 'NONE',  ( 1.466100212816140003, -8.436778588237778820, -4.556991403996950574 ) ) ;
#830 = CARTESIAN_POINT ( 'NONE',  ( 2.524325295499189714, -7.836778588237780951, -2.392273626418719878 ) ) ;
#831 = CARTESIAN_POINT ( 'NONE',  ( -0.01877157540691339749, -7.836778588237780951, -4.177450240856950714 ) ) ;
#832 = ORIENTED_EDGE ( 'NONE', *, *, #101, .T. ) ;
#833 = CARTESIAN_POINT ( 'NONE',  ( 0.9099146286865539279, -8.436778588237778820, -0.9788762980412121228 ) ) ;
#834 = CARTESIAN_POINT ( 'NONE',  ( 0.5382838820669400004, -8.436778588237778820, -1.132943868428410106 ) ) ;
#835 = ORIENTED_EDGE ( 'NONE', *, *, #2195, .T. ) ;
#836 = DIRECTION ( 'NONE',  ( 0.000000000000000000, -1.000000000000000000, 0.000000000000000000 ) ) ;
#837 = CARTESIAN_POINT ( 'NONE',  ( 1.390222151092370018, -7.836778588237780951, -4.552724722099930510 ) ) ;
#838 = AXIS2_PLACEMENT_3D ( 'NONE', #603, #1078, #1776 ) ;
#839 = ORIENTED_EDGE ( 'NONE', *, *, #1321, .T. ) ;
#840 = B_SPLINE_SURFACE_WITH_KNOTS ( 'NONE', 3, 1, ( 
 ( #1397, #525 ),
 ( #1191, #348 ),
 ( #1744, #1167 ),
 ( #359, #31 ),
 ( #1060, #1235 ),
 ( #373, #203 ),
 ( #1073, #230 ),
 ( #11, #1094 ),
 ( #942, #1791 ),
 ( #1927, #742 ) ),
 .UNSPECIFIED., .F., .F., .F.,
 ( 4, 2, 2, 2, 4 ),
 ( 2, 2 ),
 ( -0.06291728948397000420, -0.04718805374564490063, -0.03145948477178579783, -0.01572964766216239721, 0.000000000000000000 ),
 ( 0.000000000000000000, 0.5999999999999999778 ),
 .UNSPECIFIED. ) ;
#841 = VECTOR ( 'NONE', #1061, 100.0000000000000000 ) ;
#842 = CARTESIAN_POINT ( 'NONE',  ( 0.9099146286865539279, -7.836778588237780951, -0.9788762980412121228 ) ) ;
#843 = FILL_AREA_STYLE ('',( #1700 ) ) ;
#844 = EDGE_CURVE ( 'NONE', #2217, #515, #99, .T. ) ;
#845 = CARTESIAN_POINT ( 'NONE',  ( 2.051013401444190087, -8.436778588237778820, -1.462335859197829935 ) ) ;
#846 = AXIS2_PLACEMENT_3D ( 'NONE', #708, #2108, #1207 ) ;
#847 = CARTESIAN_POINT ( 'NONE',  ( 1.990682453833349852, -8.436778588237778820, -1.389575411084460033 ) ) ;
#848 = CARTESIAN_POINT ( 'NONE',  ( -0.1294381136708329660, -8.436778588237778820, -4.235570093822012439 ) ) ;
#849 = ORIENTED_EDGE ( 'NONE', *, *, #1405, .T. ) ;
#850 = CARTESIAN_POINT ( 'NONE',  ( 0.3613279134205030219, -7.836778588237780951, -4.502786007275619617 ) ) ;
#851 = ORIENTED_EDGE ( 'NONE', *, *, #238, .F. ) ;
#852 = PRODUCT_DEFINITION_CONTEXT ( 'detailed design', #2182, 'design' ) ;
#853 = CARTESIAN_POINT ( 'NONE',  ( -0.4835645076743420034, -7.836778588237780951, -3.954462188075719808 ) ) ;
#854 = EDGE_LOOP ( 'NONE', ( #1762, #448 ) ) ;
#855 = ORIENTED_EDGE ( 'NONE', *, *, #2074, .F. ) ;
#856 = LINE ( 'NONE', #1880, #726 ) ;
#857 = CARTESIAN_POINT ( 'NONE',  ( -0.9843641579540389763, -8.436778588237778820, -2.542617728905950170 ) ) ;
#858 = EDGE_CURVE ( 'NONE', #2132, #674, #1751, .T. ) ;
#859 = DIRECTION ( 'NONE',  ( -1.224646799147339895E-16, 1.000000000000000000, 1.317993615341604023E-30 ) ) ;
#860 = ORIENTED_EDGE ( 'NONE', *, *, #222, .F. ) ;
#861 = CARTESIAN_POINT ( 'NONE',  ( 0.3562868385893039891, -7.836778588237780951, -4.501344176048969636 ) ) ;
#862 = EDGE_CURVE ( 'NONE', #247, #884, #309, .T. ) ;
#863 = VERTEX_POINT ( 'NONE', #1020 ) ;
#864 = VERTEX_POINT ( 'NONE', #538 ) ;
#865 = CARTESIAN_POINT ( 'NONE',  ( 2.434733281820280038, -7.836778588237780951, -2.888918551078790031 ) ) ;
#866 = DIRECTION ( 'NONE',  ( 1.000000000000000000, 1.224646799147339895E-16, 0.000000000000000000 ) ) ;
#867 = DIRECTION ( 'NONE',  ( 0.000000000000000000, -1.000000000000000000, 0.000000000000000000 ) ) ;
#868 = FACE_BOUND ( 'NONE', #1440, .T. ) ;
#869 = CARTESIAN_POINT ( 'NONE',  ( -0.7627056933597040622, -7.836778588237780951, -2.760918551078770378 ) ) ;
#870 = DIRECTION ( 'NONE',  ( 0.000000000000000000, 1.000000000000000000, 0.000000000000000000 ) ) ;
#871 = VERTEX_POINT ( 'NONE', #1728 ) ;
#872 = CARTESIAN_POINT ( 'NONE',  ( 2.444939218421219973, -8.436778588237778820, -3.413399528037850406 ) ) ;
#873 = ORIENTED_EDGE ( 'NONE', *, *, #1692, .F. ) ;
#874 = CARTESIAN_POINT ( 'NONE',  ( -0.9855875505528849390, -8.436778588237778820, -3.035199203275929847 ) ) ;
#875 = EDGE_CURVE ( 'NONE', #1949, #1746, #2250, .T. ) ;
#876 = AXIS2_PLACEMENT_3D ( 'NONE', #2104, #533, #1082 ) ;
#877 = ORIENTED_EDGE ( 'NONE', *, *, #1918, .F. ) ;
#878 = VECTOR ( 'NONE', #284, 100.0000000000000000 ) ;
#879 = VECTOR ( 'NONE', #1180, 100.0000000000000000 ) ;
#880 = DIRECTION ( 'NONE',  ( 1.224646799147339895E-16, -1.000000000000000000, -1.325286320771320103E-30 ) ) ;
#881 = B_SPLINE_CURVE_WITH_KNOTS ( 'NONE', 3,
 ( #513, #2266, #335, #2051, #1222, #1915, #1208, #830, #2223, #301 ),
 .UNSPECIFIED., .F., .F.,
 ( 4, 2, 2, 2, 4 ),
 ( -0.06291728967703599795, -0.04718805383527139435, -0.03145948477078019945, -0.01572964763303680291, 0.000000000000000000 ),
 .UNSPECIFIED. ) ;
#882 = CARTESIAN_POINT ( 'NONE',  ( 2.017249922753249880, -8.436778588237778820, -4.026360136785889665 ) ) ;
#883 = LINE ( 'NONE', #1546, #1432 ) ;
#884 = VERTEX_POINT ( 'NONE', #518 ) ;
#885 = CARTESIAN_POINT ( 'NONE',  ( 2.439724647104139610, -8.436778588237778820, -3.412852208368170270 ) ) ;
#886 = CARTESIAN_POINT ( 'NONE',  ( 1.602538867922600030, -8.436778588237778820, -1.148754903276870021 ) ) ;
#887 = ORIENTED_EDGE ( 'NONE', *, *, #1184, .T. ) ;
#888 = EDGE_CURVE ( 'NONE', #1418, #764, #1213, .T. ) ;
#889 = EDGE_LOOP ( 'NONE', ( #2058, #1181, #2001, #48 ) ) ;
#890 = ORIENTED_EDGE ( 'NONE', *, *, #2121, .F. ) ;
#891 = CARTESIAN_POINT ( 'NONE',  ( 2.017249922753249880, -8.436778588237778820, -4.026360136785889665 ) ) ;
#892 = CARTESIAN_POINT ( 'NONE',  ( -0.7323726869692330776, -7.836778588237780951, -2.254900450237369736 ) ) ;
#893 = EDGE_CURVE ( 'NONE', #2082, #1750, #191, .T. ) ;
#894 = CARTESIAN_POINT ( 'NONE',  ( -0.3832909482798210199, -8.436778588237778820, -1.628736947018829984 ) ) ;
#895 = AXIS2_PLACEMENT_3D ( 'NONE', #257, #1964, #1134 ) ;
#896 = EDGE_CURVE ( 'NONE', #481, #1533, #954, .T. ) ;
#897 = CARTESIAN_POINT ( 'NONE',  ( 2.051013401444190087, -8.436778588237778820, -1.462335859197829935 ) ) ;
#898 = ORIENTED_EDGE ( 'NONE', *, *, #582, .T. ) ;
#899 = CARTESIAN_POINT ( 'NONE',  ( 2.465197935383520278, -8.436778588237778820, -3.408594775870969595 ) ) ;
#900 = CARTESIAN_POINT ( 'NONE',  ( -0.2263849731033419632, -7.836778588237780951, -3.382869139543375425 ) ) ;
#901 = FACE_OUTER_BOUND ( 'NONE', #1890, .T. ) ;
#902 = CARTESIAN_POINT ( 'NONE',  ( 0.8360137942302858782, -8.436778588237778820, -2.824918551078780204 ) ) ;
#903 = CARTESIAN_POINT ( 'NONE',  ( 2.518562055062709693, -8.436778588237778820, -2.383523246124959805 ) ) ;
#904 = ORIENTED_EDGE ( 'NONE', *, *, #506, .T. ) ;
#905 = B_SPLINE_SURFACE_WITH_KNOTS ( 'NONE', 3, 1, ( 
 ( #1682, #2144 ),
 ( #956, #1991 ),
 ( #737, #415 ),
 ( #1441, #1606 ),
 ( #1311, #1113 ),
 ( #769, #1475 ),
 ( #1805, #402 ),
 ( #2156, #390 ),
 ( #426, #51 ),
 ( #74, #236 ) ),
 .UNSPECIFIED., .F., .F., .F.,
 ( 4, 2, 2, 2, 4 ),
 ( 2, 2 ),
 ( -0.06291728948399080701, -0.04718805374563229960, -0.03145948477175920105, -0.01572964766213819782, 0.000000000000000000 ),
 ( 0.000000000000000000, 0.5999999999999999778 ),
 .UNSPECIFIED. ) ;
#906 = DIRECTION ( 'NONE',  ( 0.7348251405536877501, 8.999012563120605353E-17, 0.6782565980587678123 ) ) ;
#907 = ADVANCED_FACE ( 'NONE', ( #2052 ), #655, .F. ) ;
#908 = DIRECTION ( 'NONE',  ( 0.000000000000000000, 1.000000000000000000, 0.000000000000000000 ) ) ;
#909 = ORIENTED_EDGE ( 'NONE', *, *, #1405, .F. ) ;
#910 = ADVANCED_FACE ( 'NONE', ( #1041 ), #1896, .F. ) ;
#911 = CARTESIAN_POINT ( 'NONE',  ( -0.9374144211205960309, -7.836778588237780951, -2.440973981600389919 ) ) ;
#912 = LINE ( 'NONE', #1920, #2006 ) ;
#913 = ORIENTED_EDGE ( 'NONE', *, *, #1242, .F. ) ;
#914 = FACE_OUTER_BOUND ( 'NONE', #57, .T. ) ;
#915 = ORIENTED_EDGE ( 'NONE', *, *, #938, .T. ) ;
#916 = CARTESIAN_POINT ( 'NONE',  ( 1.285874664354510033, -8.436778588237778820, -1.201217263056290063 ) ) ;
#917 = AXIS2_PLACEMENT_3D ( 'NONE', #2011, #595, #430 ) ;
#918 = CARTESIAN_POINT ( 'NONE',  ( -0.3901582237110730045, -8.436778588237778820, -1.609144627195140176 ) ) ;
#919 = DIRECTION ( 'NONE',  ( 0.000000000000000000, 1.000000000000000000, 0.000000000000000000 ) ) ;
#920 = VERTEX_POINT ( 'NONE', #1028 ) ;
#921 = CIRCLE ( 'NONE', #1573, 0.4012853364081461205 ) ;
#922 = ADVANCED_FACE ( 'NONE', ( #1745 ), #500, .F. ) ;
#923 = ORIENTED_EDGE ( 'NONE', *, *, #1753, .T. ) ;
#924 = ORIENTED_EDGE ( 'NONE', *, *, #2086, .F. ) ;
#925 = CARTESIAN_POINT ( 'NONE',  ( 1.928922853348979949, -7.836778588237780951, -4.297331265130310385 ) ) ;
#926 = ORIENTED_EDGE ( 'NONE', *, *, #2074, .T. ) ;
#927 = DIRECTION ( 'NONE',  ( -0.9548000144801485067, 0.000000000000000000, 0.2972489400295788564 ) ) ;
#928 = DIRECTION ( 'NONE',  ( 1.224646799147339895E-16, -1.000000000000000000, -1.328812179283822000E-30 ) ) ;
#929 = CIRCLE ( 'NONE', #2093, 0.4012853364081461205 ) ;
#930 = CARTESIAN_POINT ( 'NONE',  ( 2.017249922753249880, -7.836778588237780951, -4.026360136785889665 ) ) ;
#931 = DIRECTION ( 'NONE',  ( -1.224646799147339895E-16, 1.000000000000000000, 1.325286320771320103E-30 ) ) ;
#932 = ORIENTED_EDGE ( 'NONE', *, *, #827, .T. ) ;
#933 = ADVANCED_FACE ( 'NONE', ( #1236 ), #1398, .F. ) ;
#934 = ORIENTED_EDGE ( 'NONE', *, *, #1732, .T. ) ;
#935 = CARTESIAN_POINT ( 'NONE',  ( -0.4443852382969425974, -7.836778588237780951, -3.497358519604945037 ) ) ;
#936 = CARTESIAN_POINT ( 'NONE',  ( -0.9790485068951729763, -7.836778588237780951, -2.504552969694589848 ) ) ;
#937 = VERTEX_POINT ( 'NONE', #848 ) ;
#938 = EDGE_CURVE ( 'NONE', #1164, #2241, #173, .T. ) ;
#939 = DIRECTION ( 'NONE',  ( -0.8853323061113580472, -1.084219374860999907E-16, -0.4649588237204930752 ) ) ;
#940 = CARTESIAN_POINT ( 'NONE',  ( -0.3890506320065280077, -8.436778588237778820, -1.593507257377760000 ) ) ;
#941 = DIRECTION ( 'NONE',  ( 0.8853323061113567150, 0.000000000000000000, 0.4649588237204957397 ) ) ;
#942 = CARTESIAN_POINT ( 'NONE',  ( 2.444939218421219973, -7.836778588237780951, -3.413399528037850406 ) ) ;
#943 = VERTEX_POINT ( 'NONE', #302 ) ;
#944 = CARTESIAN_POINT ( 'NONE',  ( -0.4824403509079030483, -7.836778588237780951, -3.959588286397800694 ) ) ;
#945 = CARTESIAN_POINT ( 'NONE',  ( 2.113857190775600081, -7.836778588237780951, -1.751665065828349910 ) ) ;
#946 = DIRECTION ( 'NONE',  ( 0.000000000000000000, -1.000000000000000000, 0.000000000000000000 ) ) ;
#947 = EDGE_CURVE ( 'NONE', #1160, #604, #175, .T. ) ;
#948 =( LENGTH_UNIT ( ) NAMED_UNIT ( * ) SI_UNIT ( .CENTI., .METRE. ) );
#949 = ORIENTED_EDGE ( 'NONE', *, *, #33, .T. ) ;
#950 = CARTESIAN_POINT ( 'NONE',  ( 1.620672382604090078, -8.436778588237778820, -1.155731528912019801 ) ) ;
#951 = AXIS2_PLACEMENT_3D ( 'NONE', #1263, #931, #46 ) ;
#952 = CARTESIAN_POINT ( 'NONE',  ( 2.450171808047289623, -7.836778588237780951, -3.413064225003989982 ) ) ;
#953 = CARTESIAN_POINT ( 'NONE',  ( -0.3759499067286100060, -8.436778588237778820, -1.571250008128419973 ) ) ;
#954 = LINE ( 'NONE', #71, #1500 ) ;
#955 = DIRECTION ( 'NONE',  ( -0.8259030838371680394, 0.000000000000000000, -0.5638121106434799135 ) ) ;
#956 = CARTESIAN_POINT ( 'NONE',  ( 0.4969687316749840100, -7.836778588237780951, -1.114475821595269922 ) ) ;
#957 = ORIENTED_EDGE ( 'NONE', *, *, #1549, .T. ) ;
#958 = AXIS2_PLACEMENT_3D ( 'NONE', #1088, #1778, #714 ) ;
#959 = EDGE_CURVE ( 'NONE', #1507, #2057, #514, .T. ) ;
#960 = CARTESIAN_POINT ( 'NONE',  ( 0.5022099788852240065, -7.836778588237780951, -1.114318498413970016 ) ) ;
#961 = DIRECTION ( 'NONE',  ( 0.8853323061113566039, 0.000000000000000000, 0.4649588237204957952 ) ) ;
#962 = CARTESIAN_POINT ( 'NONE',  ( 2.471683699048409899, -8.436778588237778820, -1.965897424559990059 ) ) ;
#963 = VECTOR ( 'NONE', #995, 100.0000000000000000 ) ;
#964 = VECTOR ( 'NONE', #1270, 100.0000000000000000 ) ;
#965 = ORIENTED_EDGE ( 'NONE', *, *, #1561, .T. ) ;
#966 = CARTESIAN_POINT ( 'NONE',  ( 2.545399820084199849, -7.836778588237780951, -2.830798698113727863 ) ) ;
#967 = CYLINDRICAL_SURFACE ( 'NONE', #95, 0.1250000000000000555 ) ;
#968 = PRODUCT_DEFINITION_FORMATION_WITH_SPECIFIED_SOURCE ( 'Symmetric', '', #675, .NOT_KNOWN. ) ;
#969 = EDGE_CURVE ( 'NONE', #674, #2082, #883, .T. ) ;
#970 = CARTESIAN_POINT ( 'NONE',  ( 1.408545216549209833, -7.836778588237780951, -4.558430422454599729 ) ) ;
#971 = CARTESIAN_POINT ( 'NONE',  ( 0.5093573734287120125, -8.436778588237778820, -1.376320618704939935 ) ) ;
#972 = CARTESIAN_POINT ( 'NONE',  ( 2.465197935383520278, -7.836778588237780951, -3.408594775870969595 ) ) ;
#973 = EDGE_CURVE ( 'NONE', #1750, #1959, #1566, .T. ) ;
#974 = CARTESIAN_POINT ( 'NONE',  ( 1.943909262621420053, -7.836778588237780951, -4.261939322867750235 ) ) ;
#975 = FACE_OUTER_BOUND ( 'NONE', #656, .T. ) ;
#976 = DIRECTION ( 'NONE',  ( -1.224646799147339895E-16, 1.000000000000000000, 1.325286320771320103E-30 ) ) ;
#977 = ORIENTED_EDGE ( 'NONE', *, *, #788, .F. ) ;
#978 = CARTESIAN_POINT ( 'NONE',  ( 1.154642965010630018, -7.836778588237780951, -4.479384061968129771 ) ) ;
#979 = DIRECTION ( 'NONE',  ( 0.8853323061113566039, 0.000000000000000000, 0.4649588237204957952 ) ) ;
#980 = FACE_OUTER_BOUND ( 'NONE', #1504, .T. ) ;
#981 = CARTESIAN_POINT ( 'NONE',  ( 2.140260902210286975, -7.836778588237780951, -2.192146957050545630 ) ) ;
#982 = EDGE_CURVE ( 'NONE', #943, #1400, #1928, .T. ) ;
#983 = AXIS2_PLACEMENT_3D ( 'NONE', #1948, #145, #317 ) ;
#984 = LINE ( 'NONE', #242, #1701 ) ;
#985 = LINE ( 'NONE', #2213, #141 ) ;
#986 = AXIS2_PLACEMENT_3D ( 'NONE', #614, #1322, #1850 ) ;
#987 = VECTOR ( 'NONE', #2255, 100.0000000000000142 ) ;
#988 = CARTESIAN_POINT ( 'NONE',  ( -0.4722848394152010520, -7.836778588237780951, -3.977695855342960218 ) ) ;
#989 = B_SPLINE_CURVE_WITH_KNOTS ( 'NONE', 3,
 ( #990, #1142, #1855, #1151, #792, #608 ),
 .UNSPECIFIED., .F., .F.,
 ( 4, 2, 4 ),
 ( -0.09096970533389810154, -0.04548485715902279847, 0.000000000000000000 ),
 .UNSPECIFIED. ) ;
#990 = CARTESIAN_POINT ( 'NONE',  ( 1.209016413797640244, -8.436778588237778820, -1.246398340795749959 ) ) ;
#991 = PLANE ( 'NONE',  #1152 ) ;
#992 = EDGE_LOOP ( 'NONE', ( #663, #1257, #1653, #1515 ) ) ;
#993 = EDGE_CURVE ( 'NONE', #1309, #1368, #138, .T. ) ;
#994 = CARTESIAN_POINT ( 'NONE',  ( 0.3665395391698579863, -7.836778588237780951, -4.503361663009119553 ) ) ;
#995 = DIRECTION ( 'NONE',  ( 0.000000000000000000, 1.000000000000000000, 0.000000000000000000 ) ) ;
#996 = ORIENTED_EDGE ( 'NONE', *, *, #480, .T. ) ;
#997 = LINE ( 'NONE', #826, #878 ) ;
#998 = CARTESIAN_POINT ( 'NONE',  ( -0.4824403509079030483, -7.836778588237780951, -3.959588286397800694 ) ) ;
#999 = CIRCLE ( 'NONE', #1297, 0.4012853364081461205 ) ;
#1000 = VERTEX_POINT ( 'NONE', #1916 ) ;
#1001 = CARTESIAN_POINT ( 'NONE',  ( 1.390222151092370018, -7.836778588237780951, -4.552724722099930510 ) ) ;
#1002 = CARTESIAN_POINT ( 'NONE',  ( 0.3562868385893039891, -7.836778588237780951, -4.501344176048969636 ) ) ;
#1003 = CARTESIAN_POINT ( 'NONE',  ( 1.501723086811549868, -8.436778588237778820, -4.542562513245909983 ) ) ;
#1004 = CARTESIAN_POINT ( 'NONE',  ( -0.7847985972690639800, -8.436778588237778820, -3.258318340831520388 ) ) ;
#1005 = ORIENTED_EDGE ( 'NONE', *, *, #1934, .F. ) ;
#1006 = CARTESIAN_POINT ( 'NONE',  ( -0.9843641579540389763, -8.436778588237778820, -2.542617728905950170 ) ) ;
#1007 = B_SPLINE_CURVE_WITH_KNOTS ( 'NONE', 3,
 ( #1003, #1903, #829, #1342, #1166, #1528 ),
 .UNSPECIFIED., .F., .F.,
 ( 4, 2, 4 ),
 ( -0.1151452602693670002, -0.05757262976846070496, 0.000000000000000000 ),
 .UNSPECIFIED. ) ;
#1008 = CARTESIAN_POINT ( 'NONE',  ( 1.469281373919160361, -7.836778588237780951, -4.299570093822011607 ) ) ;
#1009 = VERTEX_POINT ( 'NONE', #706 ) ;
#1010 = CARTESIAN_POINT ( 'NONE',  ( 2.055233652719089754, -7.836778588237780951, -1.481056949535999978 ) ) ;
#1011 = ADVANCED_FACE ( 'NONE', ( #1532 ), #2224, .F. ) ;
#1012 = CARTESIAN_POINT ( 'NONE',  ( 1.872251961658249586, -8.436778588237778820, -4.347968157415939672 ) ) ;
#1013 = CARTESIAN_POINT ( 'NONE',  ( 2.514979470200829681, -8.436778588237778820, -2.379687283535599995 ) ) ;
#1014 = LINE ( 'NONE', #333, #375 ) ;
#1015 = CARTESIAN_POINT ( 'NONE',  ( -0.7465533038691269940, -8.436778588237778820, -3.282689796325009901 ) ) ;
#1016 = ORIENTED_EDGE ( 'NONE', *, *, #875, .F. ) ;
#1017 = CIRCLE ( 'NONE', #610, 0.4012853364081459540 ) ;
#1018 = ORIENTED_EDGE ( 'NONE', *, *, #1173, .F. ) ;
#1019 = DIRECTION ( 'NONE',  ( 0.000000000000000000, -1.000000000000000000, 0.000000000000000000 ) ) ;
#1020 = CARTESIAN_POINT ( 'NONE',  ( -0.6520391550957843618, -7.836778588237780951, -2.702798698113708209 ) ) ;
#1021 = AXIS2_PLACEMENT_3D ( 'NONE', #1505, #2196, #622 ) ;
#1022 = ADVANCED_FACE ( 'NONE', ( #1976 ), #136, .F. ) ;
#1023 = CARTESIAN_POINT ( 'NONE',  ( 2.527704450830160265, -8.436778588237778820, -2.402161469058940124 ) ) ;
#1024 = LINE ( 'NONE', #1717, #619 ) ;
#1025 = AXIS2_PLACEMENT_3D ( 'NONE', #1347, #1535, #1359 ) ;
#1026 = APPLICATION_CONTEXT ( 'automotive_design' ) ;
#1027 = CARTESIAN_POINT ( 'NONE',  ( -0.7729188051648420155, -8.436778588237778820, -3.267742090784359732 ) ) ;
#1028 = CARTESIAN_POINT ( 'NONE',  ( -0.8733722316236236516, -8.436778588237778820, -2.819038404043832102 ) ) ;
#1029 = VERTEX_POINT ( 'NONE', #531 ) ;
#1030 = DIRECTION ( 'NONE',  ( 0.8853323061113567150, 0.000000000000000000, 0.4649588237204957397 ) ) ;
#1031 = DIRECTION ( 'NONE',  ( 0.000000000000000000, 1.000000000000000000, 0.000000000000000000 ) ) ;
#1032 = EDGE_LOOP ( 'NONE', ( #1183, #1691, #2122, #2207 ) ) ;
#1033 = PLANE ( 'NONE',  #817 ) ;
#1034 = VECTOR ( 'NONE', #1553, 100.0000000000000000 ) ;
#1035 = ORIENTED_EDGE ( 'NONE', *, *, #383, .T. ) ;
#1036 = AXIS2_PLACEMENT_3D ( 'NONE', #1331, #648, #463 ) ;
#1037 = CARTESIAN_POINT ( 'NONE',  ( -0.9835978128454899716, -7.836778588237780951, -2.523442159326769740 ) ) ;
#1038 = CARTESIAN_POINT ( 'NONE',  ( 2.481589822140870094, -8.436778588237778820, -2.367060471140149946 ) ) ;
#1039 = EDGE_CURVE ( 'NONE', #1298, #528, #1962, .T. ) ;
#1040 = CARTESIAN_POINT ( 'NONE',  ( 2.021282597687549920, -8.436778588237778820, -3.951612826994450156 ) ) ;
#1041 = FACE_OUTER_BOUND ( 'NONE', #2236, .T. ) ;
#1042 = VERTEX_POINT ( 'NONE', #1798 ) ;
#1043 = EDGE_LOOP ( 'NONE', ( #559, #2162 ) ) ;
#1044 = CARTESIAN_POINT ( 'NONE',  ( -0.9624304341004471519, -8.436778588237778820, -3.065873785548660191 ) ) ;
#1045 = VERTEX_POINT ( 'NONE', #1280 ) ;
#1046 = CARTESIAN_POINT ( 'NONE',  ( -0.7627056933597040622, -8.436778588237778820, -2.760918551078770378 ) ) ;
#1047 = FACE_OUTER_BOUND ( 'NONE', #992, .T. ) ;
#1048 = EDGE_LOOP ( 'NONE', ( #743, #2153, #1380, #400 ) ) ;
#1049 = CARTESIAN_POINT ( 'NONE',  ( 2.481589822140870094, -7.836778588237780951, -2.367060471140149946 ) ) ;
#1050 = CARTESIAN_POINT ( 'NONE',  ( 1.101740412397849811, -7.836778588237780951, -4.450791393730719747 ) ) ;
#1051 = ORIENTED_EDGE ( 'NONE', *, *, #1876, .F. ) ;
#1052 = CARTESIAN_POINT ( 'NONE',  ( 0.3613279134205030219, -8.436778588237778820, -4.502786007275619617 ) ) ;
#1053 = EDGE_CURVE ( 'NONE', #481, #2112, #1711, .T. ) ;
#1054 = AXIS2_PLACEMENT_3D ( 'NONE', #705, #1624, #1799 ) ;
#1055 = ORIENTED_EDGE ( 'NONE', *, *, #1457, .F. ) ;
#1056 = VECTOR ( 'NONE', #1122, 100.0000000000000000 ) ;
#1057 = CARTESIAN_POINT ( 'NONE',  ( 2.016551086939049942, -7.836778588237780951, -3.937208400443640510 ) ) ;
#1058 = CARTESIAN_POINT ( 'NONE',  ( -0.3890506320065280077, -7.836778588237780951, -1.593507257377760000 ) ) ;
#1059 = B_SPLINE_SURFACE_WITH_KNOTS ( 'NONE', 3, 1, ( 
 ( #1554, #2036 ),
 ( #1545, #1374 ),
 ( #2254, #1905 ),
 ( #682, #475 ),
 ( #1869, #1577 ),
 ( #2235, #696 ) ),
 .UNSPECIFIED., .F., .F., .F.,
 ( 4, 2, 4 ),
 ( 2, 2 ),
 ( -0.09096973799598620514, -0.04548486329731750433, 0.000000000000000000 ),
 ( 0.000000000000000000, 0.5999999999999999778 ),
 .UNSPECIFIED. ) ;
#1060 = CARTESIAN_POINT ( 'NONE',  ( 2.474016429505030423, -7.836778588237780951, -3.402935064312440083 ) ) ;
#1061 = DIRECTION ( 'NONE',  ( 0.000000000000000000, 1.000000000000000000, 0.000000000000000000 ) ) ;
#1062 = CIRCLE ( 'NONE', #958, 0.4012853364081462315 ) ;
#1063 = ORIENTED_EDGE ( 'NONE', *, *, #2019, .T. ) ;
#1064 = ORIENTED_EDGE ( 'NONE', *, *, #394, .T. ) ;
#1065 = EDGE_CURVE ( 'NONE', #32, #110, #741, .T. ) ;
#1066 = ADVANCED_FACE ( 'NONE', ( #727 ), #493, .F. ) ;
#1067 = CARTESIAN_POINT ( 'NONE',  ( 1.390222151092370018, -7.836778588237780951, -4.552724722099930510 ) ) ;
#1068 = ORIENTED_EDGE ( 'NONE', *, *, #2143, .T. ) ;
#1069 = B_SPLINE_CURVE_WITH_KNOTS ( 'NONE', 3,
 ( #2079, #322, #1015, #1027, #1004, #2244 ),
 .UNSPECIFIED., .F., .F.,
 ( 4, 2, 4 ),
 ( -0.09096970533353129773, -0.04548485715908050231, -1.387778780781445676E-17 ),
 .UNSPECIFIED. ) ;
#1070 = CARTESIAN_POINT ( 'NONE',  ( 2.021282597687549920, -8.436778588237778820, -3.951612826994450156 ) ) ;
#1071 = CIRCLE ( 'NONE', #148, 0.4012853364081460650 ) ;
#1072 = DIRECTION ( 'NONE',  ( 0.000000000000000000, 1.000000000000000000, 0.000000000000000000 ) ) ;
#1073 = CARTESIAN_POINT ( 'NONE',  ( 2.460366904181930270, -7.836778588237780951, -3.410646765264590208 ) ) ;
#1074 = CIRCLE ( 'NONE', #813, 0.4012853364081461205 ) ;
#1075 = VERTEX_POINT ( 'NONE', #358 ) ;
#1076 = ORIENTED_EDGE ( 'NONE', *, *, #1153, .F. ) ;
#1077 = DIRECTION ( 'NONE',  ( 1.224646799147339895E-16, -1.000000000000000000, -1.325724576829755970E-30 ) ) ;
#1078 = DIRECTION ( 'NONE',  ( -1.224646799147339895E-16, 1.000000000000000000, 1.325286320771320103E-30 ) ) ;
#1079 = ORIENTED_EDGE ( 'NONE', *, *, #295, .F. ) ;
#1080 = CARTESIAN_POINT ( 'NONE',  ( -0.7449677611624819784, -8.436778588237778820, -2.263344421039839904 ) ) ;
#1081 = DIRECTION ( 'NONE',  ( 0.8853323061113566039, 0.000000000000000000, 0.4649588237204957952 ) ) ;
#1082 = DIRECTION ( 'NONE',  ( 0.8853323061113569370, 0.000000000000000000, 0.4649588237204952956 ) ) ;
#1083 = ORIENTED_EDGE ( 'NONE', *, *, #268, .T. ) ;
#1084 = DIRECTION ( 'NONE',  ( 1.224646799147339895E-16, -1.000000000000000000, -1.325724576829755970E-30 ) ) ;
#1085 = ORIENTED_EDGE ( 'NONE', *, *, #1997, .F. ) ;
#1086 = CARTESIAN_POINT ( 'NONE',  ( 1.690799163867490185, -7.836778588237780951, -1.472386861300609917 ) ) ;
#1087 = ORIENTED_EDGE ( 'NONE', *, *, #1308, .T. ) ;
#1088 = CARTESIAN_POINT ( 'NONE',  ( 2.471683699048409899, -7.836778588237780951, -1.965897424559990059 ) ) ;
#1089 = CIRCLE ( 'NONE', #762, 0.4012853364081461205 ) ;
#1090 = EDGE_CURVE ( 'NONE', #427, #1160, #511, .T. ) ;
#1091 = CARTESIAN_POINT ( 'NONE',  ( -0.7847985972690639800, -8.436778588237778820, -3.258318340831520388 ) ) ;
#1092 = AXIS2_PLACEMENT_3D ( 'NONE', #436, #1130, #265 ) ;
#1093 = DIRECTION ( 'NONE',  ( 0.8853323061113566039, 0.000000000000000000, 0.4649588237204957952 ) ) ;
#1094 = CARTESIAN_POINT ( 'NONE',  ( 2.450171808047289623, -8.436778588237778820, -3.413064225003989982 ) ) ;
#1095 = VERTEX_POINT ( 'NONE', #43 ) ;
#1096 = B_SPLINE_CURVE_WITH_KNOTS ( 'NONE', 3,
 ( #1990, #2192, #611, #445, #1501, #1143, #1335, #1811, #1835, #953 ),
 .UNSPECIFIED., .F., .F.,
 ( 4, 2, 2, 2, 4 ),
 ( -0.06291728967682609641, -0.04718805383511919666, -0.03145948477067690013, -0.01572964763298830004, 0.000000000000000000 ),
 .UNSPECIFIED. ) ;
#1097 = ORIENTED_EDGE ( 'NONE', *, *, #522, .T. ) ;
#1098 = B_SPLINE_SURFACE_WITH_KNOTS ( 'NONE', 3, 1, ( 
 ( #177, #1645 ),
 ( #2094, #730 ),
 ( #2081, #583 ),
 ( #1050, #1425 ),
 ( #1116, #1808 ),
 ( #239, #1749 ) ),
 .UNSPECIFIED., .F., .F., .F.,
 ( 4, 2, 4 ),
 ( 2, 2 ),
 ( -0.09096973799239489733, -0.04548486329585830351, 0.000000000000000000 ),
 ( 0.000000000000000000, 0.5999999999999999778 ),
 .UNSPECIFIED. ) ;
#1099 = CARTESIAN_POINT ( 'NONE',  ( 2.107553143005739926, -7.836778588237780951, -1.796575311844869960 ) ) ;
#1100 = DIRECTION ( 'NONE',  ( 0.8853323061113569370, 0.000000000000000000, 0.4649588237204952956 ) ) ;
#1101 = ORIENTED_EDGE ( 'NONE', *, *, #2086, .T. ) ;
#1102 = CARTESIAN_POINT ( 'NONE',  ( 2.017249922753249880, -7.836778588237780951, -4.026360136785889665 ) ) ;
#1103 = CARTESIAN_POINT ( 'NONE',  ( -0.6752862121410889706, -8.436778588237778820, -2.235996400690420050 ) ) ;
#1104 = CARTESIAN_POINT ( 'NONE',  ( -0.3797191066144509630, -7.836778588237780951, -1.574894791381280301 ) ) ;
#1105 = CARTESIAN_POINT ( 'NONE',  ( 1.140167109204699880, -7.836778588237780951, -4.474875805982979848 ) ) ;
#1106 = DIRECTION ( 'NONE',  ( 1.224646799147339895E-16, -1.000000000000000000, -1.328812179283822000E-30 ) ) ;
#1107 = ORIENTED_EDGE ( 'NONE', *, *, #1638, .T. ) ;
#1108 = CIRCLE ( 'NONE', #42, 0.1250000000000000278 ) ;
#1109 = VERTEX_POINT ( 'NONE', #1479 ) ;
#1110 = CARTESIAN_POINT ( 'NONE',  ( 0.4072332519343959678, -8.436778588237778820, -4.483561861433000395 ) ) ;
#1111 = EDGE_CURVE ( 'NONE', #1273, #1418, #1202, .T. ) ;
#1112 = LINE ( 'NONE', #1382, #561 ) ;
#1113 = CARTESIAN_POINT ( 'NONE',  ( 0.5175894608601759872, -8.436778588237778820, -1.117358400848160072 ) ) ;
#1114 = VERTEX_POINT ( 'NONE', #1816 ) ;
#1115 = DIRECTION ( 'NONE',  ( 0.000000000000000000, -1.000000000000000000, 0.000000000000000000 ) ) ;
#1116 = CARTESIAN_POINT ( 'NONE',  ( 1.090815488828539959, -7.836778588237780951, -4.440275548646459569 ) ) ;
#1117 = CARTESIAN_POINT ( 'NONE',  ( 1.801465702131409996, -8.436778588237778820, -1.414267008335547970 ) ) ;
#1118 = CARTESIAN_POINT ( 'NONE',  ( 2.439724647104139610, -7.836778588237780951, -3.412852208368170270 ) ) ;
#1119 = FACE_OUTER_BOUND ( 'NONE', #684, .T. ) ;
#1120 = CARTESIAN_POINT ( 'NONE',  ( 2.101685340503639754, -8.436778588237778820, -1.810555428015679924 ) ) ;
#1121 = ADVANCED_FACE ( 'NONE', ( #980 ), #201, .F. ) ;
#1122 = DIRECTION ( 'NONE',  ( 0.000000000000000000, -1.000000000000000000, 0.000000000000000000 ) ) ;
#1123 = ORIENTED_EDGE ( 'NONE', *, *, #179, .T. ) ;
#1124 = AXIS2_PLACEMENT_3D ( 'NONE', #1719, #859, #120 ) ;
#1125 = CARTESIAN_POINT ( 'NONE',  ( 2.477893682491040028, -7.836778588237780951, -3.399398466833809973 ) ) ;
#1126 = VECTOR ( 'NONE', #1177, 100.0000000000000000 ) ;
#1127 = DIRECTION ( 'NONE',  ( 0.8853323061113569370, 0.000000000000000000, 0.4649588237204952956 ) ) ;
#1128 = EDGE_CURVE ( 'NONE', #1109, #1309, #1611, .T. ) ;
#1129 = ORIENTED_EDGE ( 'NONE', *, *, #734, .F. ) ;
#1130 = DIRECTION ( 'NONE',  ( -1.224646799147339895E-16, 1.000000000000000000, 1.325286320771320103E-30 ) ) ;
#1131 = EDGE_LOOP ( 'NONE', ( #2225, #1631, #17, #1569 ) ) ;
#1132 = AXIS2_PLACEMENT_3D ( 'NONE', #140, #1144, #1030 ) ;
#1133 = DIRECTION ( 'NONE',  ( 1.224646799147339895E-16, -1.000000000000000000, -1.325286320771320103E-30 ) ) ;
#1134 = DIRECTION ( 'NONE',  ( -0.8259030838371680394, 0.000000000000000000, -0.5638121106434799135 ) ) ;
#1135 = CARTESIAN_POINT ( 'NONE',  ( 2.481589822140870094, -7.836778588237780951, -2.367060471140149946 ) ) ;
#1136 = AXIS2_PLACEMENT_3D ( 'NONE', #1712, #2097, #1162 ) ;
#1137 = DIRECTION ( 'NONE',  ( 0.8853323061113566039, 0.000000000000000000, 0.4649588237204958507 ) ) ;
#1138 = VECTOR ( 'NONE', #1031, 100.0000000000000000 ) ;
#1139 = B_SPLINE_CURVE_WITH_KNOTS ( 'NONE', 3,
 ( #739, #747, #2146, #1797, #2188, #1851, #461, #1840, #801, #1827 ),
 .UNSPECIFIED., .F., .F.,
 ( 4, 2, 2, 2, 4 ),
 ( -0.06291728967682609641, -0.04718805383511919666, -0.03145948477067690013, -0.01572964763298830004, 0.000000000000000000 ),
 .UNSPECIFIED. ) ;
#1140 = ORIENTED_EDGE ( 'NONE', *, *, #1846, .F. ) ;
#1141 = CARTESIAN_POINT ( 'NONE',  ( 2.006905811666679806, -7.836778588237780951, -1.399826870206120066 ) ) ;
#1142 = CARTESIAN_POINT ( 'NONE',  ( 1.219125257743320034, -8.436778588237778820, -1.235098519013800189 ) ) ;
#1143 = CARTESIAN_POINT ( 'NONE',  ( -0.3890506320065280077, -8.436778588237778820, -1.593507257377760000 ) ) ;
#1144 = DIRECTION ( 'NONE',  ( 0.000000000000000000, 1.000000000000000000, 0.000000000000000000 ) ) ;
#1145 = ORIENTED_EDGE ( 'NONE', *, *, #133, .T. ) ;
#1146 = DIRECTION ( 'NONE',  ( 0.8853323061113566039, 0.000000000000000000, 0.4649588237204961838 ) ) ;
#1147 = CARTESIAN_POINT ( 'NONE',  ( 2.253864613936430228, -7.836778588237780951, -3.266324758542219708 ) ) ;
#1148 = CARTESIAN_POINT ( 'NONE',  ( -0.7996561105878380316, -8.436778588237778820, -3.683939677597559914 ) ) ;
#1149 = CARTESIAN_POINT ( 'NONE',  ( 1.209016413797640244, -8.436778588237778820, -1.246398340795749959 ) ) ;
#1150 = EDGE_CURVE ( 'NONE', #631, #2132, #157, .T. ) ;
#1151 = CARTESIAN_POINT ( 'NONE',  ( 1.256983659148889876, -8.436778588237778820, -1.210130277172900115 ) ) ;
#1152 = AXIS2_PLACEMENT_3D ( 'NONE', #1821, #2173, #466 ) ;
#1153 = EDGE_CURVE ( 'NONE', #1368, #631, #921, .T. ) ;
#1154 = CARTESIAN_POINT ( 'NONE',  ( 1.602538867922600030, -8.436778588237778820, -1.148754903276870021 ) ) ;
#1155 = AXIS2_PLACEMENT_3D ( 'NONE', #1086, #1618, #1100 ) ;
#1156 = CARTESIAN_POINT ( 'NONE',  ( 0.3821125444965510209, -7.836778588237780951, -4.501561112322970182 ) ) ;
#1157 = CARTESIAN_POINT ( 'NONE',  ( 1.938206027481439886, -8.436778588237778820, -4.280263156048859763 ) ) ;
#1158 = ADVANCED_FACE ( 'NONE', ( #657 ), #158, .F. ) ;
#1159 = AXIS2_PLACEMENT_3D ( 'NONE', #668, #2065, #1735 ) ;
#1160 = VERTEX_POINT ( 'NONE', #1225 ) ;
#1161 = DIRECTION ( 'NONE',  ( 0.000000000000000000, -1.000000000000000000, 0.000000000000000000 ) ) ;
#1162 = DIRECTION ( 'NONE',  ( 0.8853323061113567150, 0.000000000000000000, 0.4649588237204957397 ) ) ;
#1163 = CIRCLE ( 'NONE', #441, 0.4012853364081460650 ) ;
#1164 = VERTEX_POINT ( 'NONE', #1049 ) ;
#1165 = CARTESIAN_POINT ( 'NONE',  ( 2.526432575884809850, -8.436778588237778820, -2.397074854579419600 ) ) ;
#1166 = CARTESIAN_POINT ( 'NONE',  ( 1.408545216549209833, -8.436778588237778820, -4.558430422454599729 ) ) ;
#1167 = CARTESIAN_POINT ( 'NONE',  ( 2.484338803225540016, -8.436778588237778820, -3.391135993442179863 ) ) ;
#1168 = ORIENTED_EDGE ( 'NONE', *, *, #1534, .F. ) ;
#1169 = EDGE_CURVE ( 'NONE', #247, #1984, #580, .T. ) ;
#1170 = CARTESIAN_POINT ( 'NONE',  ( 1.154642965010630018, -7.836778588237780951, -4.479384061968129771 ) ) ;
#1171 = AXIS2_PLACEMENT_3D ( 'NONE', #609, #819, #454 ) ;
#1172 = ORIENTED_EDGE ( 'NONE', *, *, #209, .F. ) ;
#1173 = EDGE_CURVE ( 'NONE', #1264, #1768, #2101, .T. ) ;
#1174 = DIRECTION ( 'NONE',  ( 0.8853323061113567150, 0.000000000000000000, 0.4649588237204959063 ) ) ;
#1175 = CIRCLE ( 'NONE', #195, 1.199999999999999512 ) ;
#1176 = DIRECTION ( 'NONE',  ( -0.9755055380883492777, 0.000000000000000000, -0.2199748739264560937 ) ) ;
#1177 = DIRECTION ( 'NONE',  ( 0.000000000000000000, -1.000000000000000000, 0.000000000000000000 ) ) ;
#1178 = CARTESIAN_POINT ( 'NONE',  ( 2.043124289542579852, -8.436778588237778820, -1.444580308703389937 ) ) ;
#1179 = CARTESIAN_POINT ( 'NONE',  ( 1.636894360828200057, -7.836778588237780951, -1.165985170546549821 ) ) ;
#1180 = DIRECTION ( 'NONE',  ( 0.000000000000000000, -1.000000000000000000, 0.000000000000000000 ) ) ;
#1181 = ORIENTED_EDGE ( 'NONE', *, *, #1876, .T. ) ;
#1182 = CARTESIAN_POINT ( 'NONE',  ( 0.3769992110152490250, -7.836778588237780951, -4.502745740529880081 ) ) ;
#1183 = ORIENTED_EDGE ( 'NONE', *, *, #2264, .T. ) ;
#1184 = EDGE_CURVE ( 'NONE', #1009, #1470, #1323, .T. ) ;
#1185 = DIRECTION ( 'NONE',  ( 0.000000000000000000, -1.000000000000000000, 0.000000000000000000 ) ) ;
#1186 = ADVANCED_FACE ( 'NONE', ( #524 ), #2126, .F. ) ;
#1187 = ORIENTED_EDGE ( 'NONE', *, *, #1502, .F. ) ;
#1188 = CYLINDRICAL_SURFACE ( 'NONE', #186, 0.1250000000000001943 ) ;
#1189 = CARTESIAN_POINT ( 'NONE',  ( 2.006905811666679806, -7.836778588237780951, -1.399826870206120066 ) ) ;
#1190 = B_SPLINE_CURVE_WITH_KNOTS ( 'NONE', 3,
 ( #1038, #704, #1410, #202, #2103, #532, #1904, #10, #1954, #1733 ),
 .UNSPECIFIED., .F., .F.,
 ( 4, 2, 2, 2, 4 ),
 ( -0.06291728967703599795, -0.04718805383527139435, -0.03145948477078019945, -0.01572964763303680291, 0.000000000000000000 ),
 .UNSPECIFIED. ) ;
#1191 = CARTESIAN_POINT ( 'NONE',  ( 2.486823180959040425, -7.836778588237780951, -3.386518278619960576 ) ) ;
#1192 = ORIENTED_EDGE ( 'NONE', *, *, #973, .T. ) ;
#1193 = CARTESIAN_POINT ( 'NONE',  ( 2.486823180959040425, -8.436778588237778820, -3.386518278619960576 ) ) ;
#1194 = CIRCLE ( 'NONE', #507, 0.1250000000000000278 ) ;
#1195 = CYLINDRICAL_SURFACE ( 'NONE', #1132, 1.743714663591850345 ) ;
#1196 = CARTESIAN_POINT ( 'NONE',  ( 0.5175894608601759872, -8.436778588237778820, -1.117358400848160072 ) ) ;
#1197 = VERTEX_POINT ( 'NONE', #1422 ) ;
#1198 =( LENGTH_UNIT ( ) NAMED_UNIT ( * ) SI_UNIT ( .CENTI., .METRE. ) );
#1199 = DIRECTION ( 'NONE',  ( 0.000000000000000000, -1.000000000000000000, 0.000000000000000000 ) ) ;
#1200 = CARTESIAN_POINT ( 'NONE',  ( -0.4785073994198980052, -7.836778588237780951, -3.969301161380180076 ) ) ;
#1201 = ORIENTED_EDGE ( 'NONE', *, *, #408, .T. ) ;
#1202 = CIRCLE ( 'NONE', #1857, 0.1250000000000001943 ) ;
#1203 = B_SPLINE_SURFACE_WITH_KNOTS ( 'NONE', 3, 1, ( 
 ( #1135, #1832 ),
 ( #2199, #258 ),
 ( #269, #2220 ),
 ( #2034, #1205 ),
 ( #2210, #509 ),
 ( #472, #1013 ),
 ( #131, #903 ),
 ( #1936, #1429 ),
 ( #818, #1165 ),
 ( #117, #1023 ) ),
 .UNSPECIFIED., .F., .F., .F.,
 ( 4, 2, 2, 2, 4 ),
 ( 2, 2 ),
 ( -0.06291728967703599795, -0.04718805383527139435, -0.03145948477078019945, -0.01572964763303679944, 0.000000000000000000 ),
 ( 0.000000000000000000, 0.5999999999999999778 ),
 .UNSPECIFIED. ) ;
#1204 = CARTESIAN_POINT ( 'NONE',  ( -0.9754477215600190210, -7.836778588237780951, -3.051772722443120145 ) ) ;
#1205 = CARTESIAN_POINT ( 'NONE',  ( 2.501990906542880033, -8.436778588237778820, -2.370909396073749509 ) ) ;
#1206 = DIRECTION ( 'NONE',  ( 0.000000000000000000, -1.000000000000000000, 0.000000000000000000 ) ) ;
#1207 = DIRECTION ( 'NONE',  ( 0.8853323061113566039, 0.000000000000000000, 0.4649588237204961838 ) ) ;
#1208 = CARTESIAN_POINT ( 'NONE',  ( 2.518562055062709693, -7.836778588237780951, -2.383523246124959805 ) ) ;
#1209 = DIRECTION ( 'NONE',  ( 0.000000000000000000, -1.000000000000000000, 0.000000000000000000 ) ) ;
#1210 = EDGE_LOOP ( 'NONE', ( #855, #1392, #1123, #1579 ) ) ;
#1211 = LINE ( 'NONE', #2, #1650 ) ;
#1212 = EDGE_LOOP ( 'NONE', ( #1922, #221 ) ) ;
#1213 = LINE ( 'NONE', #1910, #1754 ) ;
#1214 = VECTOR ( 'NONE', #2069, 100.0000000000000000 ) ;
#1215 = FACE_OUTER_BOUND ( 'NONE', #1228, .T. ) ;
#1216 = ORIENTED_EDGE ( 'NONE', *, *, #973, .F. ) ;
#1217 = EDGE_LOOP ( 'NONE', ( #693, #126, #1619, #687 ) ) ;
#1218 = CARTESIAN_POINT ( 'NONE',  ( 0.09207967627749179262, -7.836778588237780951, -1.408386861300610082 ) ) ;
#1219 = EDGE_CURVE ( 'NONE', #2107, #751, #315, .T. ) ;
#1220 = CARTESIAN_POINT ( 'NONE',  ( -0.9515172353025420637, -8.436778588237778820, -2.453989371583889856 ) ) ;
#1221 = CARTESIAN_POINT ( 'NONE',  ( -0.9624304341004471519, -7.836778588237780951, -3.065873785548660191 ) ) ;
#1222 = CARTESIAN_POINT ( 'NONE',  ( 2.506641610261890030, -7.836778588237780951, -2.373340767556329833 ) ) ;
#1223 = DIRECTION ( 'NONE',  ( 1.224646799147339895E-16, -1.000000000000000000, -1.328812179283822000E-30 ) ) ;
#1224 = ORIENTED_EDGE ( 'NONE', *, *, #2238, .F. ) ;
#1225 = CARTESIAN_POINT ( 'NONE',  ( -0.3704844038406748252, -8.436778588237778820, -1.651316266567384394 ) ) ;
#1226 = ORIENTED_EDGE ( 'NONE', *, *, #364, .F. ) ;
#1227 = CARTESIAN_POINT ( 'NONE',  ( 0.4072332519343959678, -8.436778588237778820, -4.483561861433000395 ) ) ;
#1228 = EDGE_LOOP ( 'NONE', ( #303, #360, #292, #1891 ) ) ;
#1229 = VERTEX_POINT ( 'NONE', #1249 ) ;
#1230 = FACE_OUTER_BOUND ( 'NONE', #889, .T. ) ;
#1231 = B_SPLINE_CURVE_WITH_KNOTS ( 'NONE', 3,
 ( #1538, #124, #632, #113, #812, #2009 ),
 .UNSPECIFIED., .F., .F.,
 ( 4, 2, 4 ),
 ( -0.09096973799239489733, -0.04548486329585831045, 1.387778780781445676E-17 ),
 .UNSPECIFIED. ) ;
#1232 = CARTESIAN_POINT ( 'NONE',  ( -0.3879662089228799737, -8.436778588237778820, -1.619391730182459854 ) ) ;
#1233 = CARTESIAN_POINT ( 'NONE',  ( -0.9855875505528849390, -8.436778588237778820, -3.035199203275929847 ) ) ;
#1234 = EDGE_CURVE ( 'NONE', #263, #1523, #1600, .T. ) ;
#1235 = CARTESIAN_POINT ( 'NONE',  ( 2.474016429505030423, -8.436778588237778820, -3.402935064312440083 ) ) ;
#1236 = FACE_OUTER_BOUND ( 'NONE', #112, .T. ) ;
#1237 = VERTEX_POINT ( 'NONE', #385 ) ;
#1238 = CARTESIAN_POINT ( 'NONE',  ( 2.284611726604119930, -8.436778588237778820, -2.498262130277200121 ) ) ;
#1239 = EDGE_CURVE ( 'NONE', #183, #391, #1062, .T. ) ;
#1240 = VERTEX_POINT ( 'NONE', #1788 ) ;
#1241 = CARTESIAN_POINT ( 'NONE',  ( 0.3821125444965510209, -8.436778588237778820, -4.501561112322970182 ) ) ;
#1242 = EDGE_CURVE ( 'NONE', #2030, #1287, #2113, .T. ) ;
#1243 = CIRCLE ( 'NONE', #243, 0.4012853364081460650 ) ;
#1244 = ORIENTED_EDGE ( 'NONE', *, *, #1961, .T. ) ;
#1245 = CARTESIAN_POINT ( 'NONE',  ( 2.021282597687549920, -7.836778588237780951, -3.951612826994450156 ) ) ;
#1246 = CARTESIAN_POINT ( 'NONE',  ( 0.8360137942302858782, -8.436778588237778820, -2.824918551078780204 ) ) ;
#1247 = VECTOR ( 'NONE', #1350, 100.0000000000000000 ) ;
#1248 = CARTESIAN_POINT ( 'NONE',  ( -0.3901582237110730045, -7.836778588237780951, -1.609144627195140176 ) ) ;
#1249 = CARTESIAN_POINT ( 'NONE',  ( 2.439724647104139610, -7.836778588237780951, -3.412852208368170270 ) ) ;
#1250 = CARTESIAN_POINT ( 'NONE',  ( 1.209016413797640244, -7.836778588237780951, -1.246398340795749959 ) ) ;
#1251 = VECTOR ( 'NONE', #2247, 100.0000000000000000 ) ;
#1252 = ORIENTED_EDGE ( 'NONE', *, *, #1414, .F. ) ;
#1253 = DIRECTION ( 'NONE',  ( -0.6782565980587652588, -8.306247718132441269E-17, 0.7348251405536900815 ) ) ;
#1254 = DIRECTION ( 'NONE',  ( 0.000000000000000000, 1.000000000000000000, 0.000000000000000000 ) ) ;
#1255 = EDGE_CURVE ( 'NONE', #1787, #1823, #1923, .T. ) ;
#1256 = LINE ( 'NONE', #2075, #1126 ) ;
#1257 = ORIENTED_EDGE ( 'NONE', *, *, #343, .T. ) ;
#1258 = ADVANCED_FACE ( 'NONE', ( #356 ), #2059, .F. ) ;
#1259 = CARTESIAN_POINT ( 'NONE',  ( 2.109508370955400114, -8.436778588237778820, -1.721744839351090128 ) ) ;
#1260 = CARTESIAN_POINT ( 'NONE',  ( 0.3562868385893039891, -7.836778588237780951, -4.501344176048969636 ) ) ;
#1261 = CARTESIAN_POINT ( 'NONE',  ( -0.7323664727402580121, -7.836778588237780951, -3.288044307227740326 ) ) ;
#1262 = FACE_OUTER_BOUND ( 'NONE', #1284, .T. ) ;
#1263 = CARTESIAN_POINT ( 'NONE',  ( 1.579947912183079950, -7.836778588237780951, -4.241450240856949883 ) ) ;
#1264 = VERTEX_POINT ( 'NONE', #228 ) ;
#1265 = CARTESIAN_POINT ( 'NONE',  ( -0.4722848394152010520, -7.836778588237780951, -3.977695855342960218 ) ) ;
#1266 = EDGE_CURVE ( 'NONE', #526, #863, #2137, .T. ) ;
#1267 = CYLINDRICAL_SURFACE ( 'NONE', #1155, 0.1250000000000001943 ) ;
#1268 = ORIENTED_EDGE ( 'NONE', *, *, #1173, .T. ) ;
#1269 = DIRECTION ( 'NONE',  ( 1.224646799147339895E-16, -1.000000000000000000, -1.383924205152736049E-30 ) ) ;
#1270 = DIRECTION ( 'NONE',  ( 0.000000000000000000, -1.000000000000000000, 0.000000000000000000 ) ) ;
#1271 = CARTESIAN_POINT ( 'NONE',  ( 2.043124289542579852, -8.436778588237778820, -1.444580308703389937 ) ) ;
#1272 = ORIENTED_EDGE ( 'NONE', *, *, #731, .F. ) ;
#1273 = VERTEX_POINT ( 'NONE', #1419 ) ;
#1274 = CARTESIAN_POINT ( 'NONE',  ( 1.872251961658249586, -8.436778588237778820, -4.347968157415939672 ) ) ;
#1275 = ORIENTED_EDGE ( 'NONE', *, *, #893, .F. ) ;
#1276 = ADVANCED_FACE ( 'NONE', ( #27 ), #18, .F. ) ;
#1277 = CARTESIAN_POINT ( 'NONE',  ( 2.023976528706779909, -8.436778588237778820, -3.996883285278699738 ) ) ;
#1278 = CLOSED_SHELL ( 'NONE', ( #66, #649, #313, #259, #783, #1663, #922, #378, #1276, #1011, #1975, #1930, #2054, #54, #94, #1902, #1557, #233, #2099, #495, #1632, #261, #933, #1258, #1293, #605, #910, #1121, #717, #1478, #1771, #1381, #1439, #6, #271, #1066, #1765, #1186, #2205, #1829, #555, #1616, #1675, #1022, #814, #598, #2033, #1158, #423, #13, #1468, #907, #1627, #474, #312, #1587 ) ) ;
#1279 = CIRCLE ( 'NONE', #1933, 0.4012853364081462315 ) ;
#1280 = CARTESIAN_POINT ( 'NONE',  ( 2.101685340503639754, -8.436778588237778820, -1.810555428015679924 ) ) ;
#1281 = CARTESIAN_POINT ( 'NONE',  ( 0.5433238507458689748, -7.836778588237780951, -1.142097383520510157 ) ) ;
#1282 = FACE_OUTER_BOUND ( 'NONE', #12, .T. ) ;
#1283 = B_SPLINE_CURVE_WITH_KNOTS ( 'NONE', 3,
 ( #2240, #155, #1200, #998, #853, #2072, #505, #735, #401, #754 ),
 .UNSPECIFIED., .F., .F.,
 ( 4, 2, 2, 2, 4 ),
 ( -0.06291728948361650919, -0.04718805374543399989, -0.03145948477164729751, -0.01572964766209360155, 0.000000000000000000 ),
 .UNSPECIFIED. ) ;
#1284 = EDGE_LOOP ( 'NONE', ( #923, #26, #1390, #1826, #1615, #723, #1387, #781, #416, #1201, #2231, #1428, #560, #1512, #2015, #1145, #849, #38, #1068, #570, #624, #1814, #282, #225, #1585, #802, #204, #2056, #1929, #1404, #926, #1863, #537, #1981, #585, #996, #1567, #1035, #1603, #1101 ) ) ;
#1285 = EDGE_CURVE ( 'NONE', #1946, #1197, #2160, .T. ) ;
#1286 = AXIS2_PLACEMENT_3D ( 'NONE', #1148, #1467, #1807 ) ;
#1287 = VERTEX_POINT ( 'NONE', #53 ) ;
#1288 = CARTESIAN_POINT ( 'NONE',  ( 0.4097425088298089491, -8.436778588237778820, -4.478958235077339367 ) ) ;
#1289 = FACE_BOUND ( 'NONE', #1730, .T. ) ;
#1290 = CARTESIAN_POINT ( 'NONE',  ( 1.904351557280590024, -7.836778588237780951, -4.326830561434990230 ) ) ;
#1291 = VERTEX_POINT ( 'NONE', #1259 ) ;
#1292 = FACE_OUTER_BOUND ( 'NONE', #1572, .T. ) ;
#1293 = ADVANCED_FACE ( 'NONE', ( #40 ), #218, .F. ) ;
#1294 = CARTESIAN_POINT ( 'NONE',  ( 2.484338803225540016, -7.836778588237780951, -3.391135993442179863 ) ) ;
#1295 = ORIENTED_EDGE ( 'NONE', *, *, #343, .F. ) ;
#1296 = CARTESIAN_POINT ( 'NONE',  ( 1.928922853348979949, -7.836778588237780951, -4.297331265130310385 ) ) ;
#1297 = AXIS2_PLACEMENT_3D ( 'NONE', #621, #1301, #1998 ) ;
#1298 = VERTEX_POINT ( 'NONE', #382 ) ;
#1299 = FACE_OUTER_BOUND ( 'NONE', #1562, .T. ) ;
#1300 = VERTEX_POINT ( 'NONE', #916 ) ;
#1301 = DIRECTION ( 'NONE',  ( 1.224646799147339895E-16, -1.000000000000000000, -1.328812179283822000E-30 ) ) ;
#1302 = CARTESIAN_POINT ( 'NONE',  ( 1.872251961658249586, -7.836778588237780951, -4.347968157415939672 ) ) ;
#1303 = ORIENTED_EDGE ( 'NONE', *, *, #993, .T. ) ;
#1304 = CARTESIAN_POINT ( 'NONE',  ( -0.7847985972690639800, -7.836778588237780951, -3.258318340831520388 ) ) ;
#1305 = CARTESIAN_POINT ( 'NONE',  ( -0.7996561105878380316, -8.436778588237778820, -3.683939677597559914 ) ) ;
#1306 = CARTESIAN_POINT ( 'NONE',  ( 2.474016429505030423, -7.836778588237780951, -3.402935064312440083 ) ) ;
#1307 = CARTESIAN_POINT ( 'NONE',  ( 1.526562554169909935, -8.436778588237778820, -1.146942544819919974 ) ) ;
#1308 = EDGE_CURVE ( 'NONE', #1768, #1899, #2040, .T. ) ;
#1309 = VERTEX_POINT ( 'NONE', #392 ) ;
#1310 = DIRECTION ( 'NONE',  ( 0.000000000000000000, 1.000000000000000000, 0.000000000000000000 ) ) ;
#1311 = CARTESIAN_POINT ( 'NONE',  ( 0.5175894608601759872, -7.836778588237780951, -1.117358400848160072 ) ) ;
#1312 = ORIENTED_EDGE ( 'NONE', *, *, #1255, .F. ) ;
#1313 = EDGE_CURVE ( 'NONE', #871, #352, #1139, .T. ) ;
#1314 = B_SPLINE_CURVE_WITH_KNOTS ( 'NONE', 3,
 ( #1415, #1931, #720, #886, #950, #516 ),
 .UNSPECIFIED., .F., .F.,
 ( 4, 2, 4 ),
 ( -0.1151452602693650018, -0.05757262976845130276, 0.000000000000000000 ),
 .UNSPECIFIED. ) ;
#1315 = CARTESIAN_POINT ( 'NONE',  ( 1.579947912183079950, -7.836778588237780951, -4.241450240856949883 ) ) ;
#1316 = CARTESIAN_POINT ( 'NONE',  ( 2.488497541451959894, -7.836778588237780951, -3.381549751420139582 ) ) ;
#1317 = CARTESIAN_POINT ( 'NONE',  ( 1.620672382604090078, -7.836778588237780951, -1.155731528912019801 ) ) ;
#1318 = CARTESIAN_POINT ( 'NONE',  ( 1.285874664354510033, -7.836778588237780951, -1.201217263056290063 ) ) ;
#1319 = VERTEX_POINT ( 'NONE', #988 ) ;
#1320 = CARTESIAN_POINT ( 'NONE',  ( -0.7561099532753920993, -7.836778588237780951, -2.273626751916760114 ) ) ;
#1321 = EDGE_CURVE ( 'NONE', #352, #2145, #2018, .T. ) ;
#1322 = DIRECTION ( 'NONE',  ( -1.224646799147339895E-16, 1.000000000000000000, 1.325286320771320103E-30 ) ) ;
#1323 = CIRCLE ( 'NONE', #846, 1.199999999999999512 ) ;
#1324 = CARTESIAN_POINT ( 'NONE',  ( -0.9843641579540389763, -7.836778588237780951, -2.542617728905950170 ) ) ;
#1325 = LINE ( 'NONE', #56, #541 ) ;
#1326 = CARTESIAN_POINT ( 'NONE',  ( 1.545283076769459862, -7.836778588237780951, -1.142719774744340056 ) ) ;
#1327 = ORIENTED_EDGE ( 'NONE', *, *, #209, .T. ) ;
#1328 = CARTESIAN_POINT ( 'NONE',  ( -0.3759499067286100060, -8.436778588237778820, -1.571250008128419973 ) ) ;
#1329 = LINE ( 'NONE', #2017, #438 ) ;
#1330 = EDGE_CURVE ( 'NONE', #1075, #1319, #2128, .T. ) ;
#1331 = CARTESIAN_POINT ( 'NONE',  ( 0.8360137942302858782, -8.436778588237778820, -2.824918551078780204 ) ) ;
#1332 = CARTESIAN_POINT ( 'NONE',  ( -0.8733722316236236516, -7.836778588237780951, -2.819038404043832102 ) ) ;
#1333 = FACE_OUTER_BOUND ( 'NONE', #1972, .T. ) ;
#1334 = EDGE_CURVE ( 'NONE', #2057, #1287, #912, .T. ) ;
#1335 = CARTESIAN_POINT ( 'NONE',  ( -0.3875198833871060233, -8.436778588237778820, -1.588486666581480078 ) ) ;
#1336 = CARTESIAN_POINT ( 'NONE',  ( 1.219125257743320034, -7.836778588237780951, -1.235098519013800189 ) ) ;
#1337 = ORIENTED_EDGE ( 'NONE', *, *, #2003, .F. ) ;
#1338 = CARTESIAN_POINT ( 'NONE',  ( 0.4097425088298089491, -8.436778588237778820, -4.478958235077339367 ) ) ;
#1339 = ORIENTED_EDGE ( 'NONE', *, *, #1783, .T. ) ;
#1340 = FACE_OUTER_BOUND ( 'NONE', #1912, .T. ) ;
#1341 = FACE_OUTER_BOUND ( 'NONE', #1755, .T. ) ;
#1342 = CARTESIAN_POINT ( 'NONE',  ( 1.427866530286389990, -8.436778588237778820, -4.560476026381719450 ) ) ;
#1343 = AXIS2_PLACEMENT_3D ( 'NONE', #1635, #908, #1602 ) ;
#1344 = FACE_OUTER_BOUND ( 'NONE', #156, .T. ) ;
#1345 = EDGE_CURVE ( 'NONE', #1696, #2098, #180, .T. ) ;
#1346 = EDGE_LOOP ( 'NONE', ( #851, #915, #207, #1485 ) ) ;
#1347 = CARTESIAN_POINT ( 'NONE',  ( 0.8360137942302858782, -7.836778588237780951, -2.824918551078780204 ) ) ;
#1348 = CARTESIAN_POINT ( 'NONE',  ( 0.5433238507458689748, -8.436778588237778820, -1.142097383520510157 ) ) ;
#1349 = EDGE_LOOP ( 'NONE', ( #1919, #178, #2157, #540 ) ) ;
#1350 = DIRECTION ( 'NONE',  ( 0.000000000000000000, 1.000000000000000000, 0.000000000000000000 ) ) ;
#1351 = AXIS2_PLACEMENT_3D ( 'NONE', #1456, #724, #1431 ) ;
#1352 = ORIENTED_EDGE ( 'NONE', *, *, #2238, .T. ) ;
#1353 = DIRECTION ( 'NONE',  ( 0.8853323061113567150, 0.000000000000000000, 0.4649588237204959063 ) ) ;
#1354 = FACE_OUTER_BOUND ( 'NONE', #1709, .T. ) ;
#1355 = EDGE_CURVE ( 'NONE', #863, #1095, #365, .T. ) ;
#1356 = CARTESIAN_POINT ( 'NONE',  ( 2.527704450830160265, -7.836778588237780951, -2.402161469058940124 ) ) ;
#1357 = DIRECTION ( 'NONE',  ( 0.8853323061113566039, 0.000000000000000000, 0.4649588237204957952 ) ) ;
#1358 = ORIENTED_EDGE ( 'NONE', *, *, #394, .F. ) ;
#1359 = DIRECTION ( 'NONE',  ( 0.8853323061113567150, 0.000000000000000000, 0.4649588237204957397 ) ) ;
#1360 = EDGE_CURVE ( 'NONE', #1400, #183, #490, .T. ) ;
#1361 = CARTESIAN_POINT ( 'NONE',  ( 1.943909262621420053, -8.436778588237778820, -4.261939322867750235 ) ) ;
#1362 = AXIS2_PLACEMENT_3D ( 'NONE', #1046, #473, #695 ) ;
#1363 = EDGE_LOOP ( 'NONE', ( #1226, #1085 ) ) ;
#1364 = DIRECTION ( 'NONE',  ( -0.9548000144801492839, -1.169292781558959993E-16, 0.2972489400295760809 ) ) ;
#1365 = EDGE_CURVE ( 'NONE', #752, #1540, #2185, .T. ) ;
#1366 = CARTESIAN_POINT ( 'NONE',  ( -0.7175261180456999899, -7.836778588237780951, -3.291148911996809812 ) ) ;
#1367 = ORIENTED_EDGE ( 'NONE', *, *, #1638, .F. ) ;
#1368 = VERTEX_POINT ( 'NONE', #935 ) ;
#1369 = VECTOR ( 'NONE', #2186, 100.0000000000000000 ) ;
#1370 = DIRECTION ( 'NONE',  ( 0.000000000000000000, -1.000000000000000000, 0.000000000000000000 ) ) ;
#1371 = CARTESIAN_POINT ( 'NONE',  ( 0.3562868385893039891, -8.436778588237778820, -4.501344176048969636 ) ) ;
#1372 = LINE ( 'NONE', #1574, #777 ) ;
#1373 = B_SPLINE_SURFACE_WITH_KNOTS ( 'NONE', 3, 1, ( 
 ( #2253, #1543 ),
 ( #1189, #2089 ),
 ( #1563, #2049 ),
 ( #483, #1178 ),
 ( #1881, #845 ),
 ( #1395, #318 ) ),
 .UNSPECIFIED., .F., .F., .F.,
 ( 4, 2, 4 ),
 ( 2, 2 ),
 ( -0.1151452602694389982, -0.05757262976847040553, 0.000000000000000000 ),
 ( 0.000000000000000000, 0.5999999999999999778 ),
 .UNSPECIFIED. ) ;
#1374 = CARTESIAN_POINT ( 'NONE',  ( 2.112842034648469980, -8.436778588237778820, -1.736535426213180244 ) ) ;
#1375 = ORIENTED_EDGE ( 'NONE', *, *, #165, .F. ) ;
#1376 = DIRECTION ( 'NONE',  ( -1.224646799147339895E-16, 1.000000000000000000, 1.317993615341604023E-30 ) ) ;
#1377 = CARTESIAN_POINT ( 'NONE',  ( 1.898412561563913359, -8.436778588237778820, -2.266967962614184984 ) ) ;
#1378 = ORIENTED_EDGE ( 'NONE', *, *, #268, .F. ) ;
#1379 = EDGE_CURVE ( 'NONE', #1960, #1109, #1879, .T. ) ;
#1380 = ORIENTED_EDGE ( 'NONE', *, *, #1688, .T. ) ;
#1381 = ADVANCED_FACE ( 'NONE', ( #262 ), #1455, .F. ) ;
#1382 = CARTESIAN_POINT ( 'NONE',  ( -0.4750071151591480634, -7.836778588237780951, -3.919806061347640203 ) ) ;
#1383 = CARTESIAN_POINT ( 'NONE',  ( -0.9374144211205949206, -7.836778588237780951, -2.440973981600389919 ) ) ;
#1384 = CARTESIAN_POINT ( 'NONE',  ( -0.9843641579540389763, -7.836778588237780951, -2.542617728905950170 ) ) ;
#1385 = CARTESIAN_POINT ( 'NONE',  ( -0.6903272491434659930, -8.436778588237778820, -2.237904792744440208 ) ) ;
#1386 = CARTESIAN_POINT ( 'NONE',  ( 0.8360137942302858782, -7.836778588237780951, -2.824918551078780204 ) ) ;
#1387 = ORIENTED_EDGE ( 'NONE', *, *, #1544, .T. ) ;
#1388 = CARTESIAN_POINT ( 'NONE',  ( 2.460366904181930270, -8.436778588237778820, -3.410646765264590208 ) ) ;
#1389 = AXIS2_PLACEMENT_3D ( 'NONE', #2242, #1527, #1596 ) ;
#1390 = ORIENTED_EDGE ( 'NONE', *, *, #755, .T. ) ;
#1391 = CARTESIAN_POINT ( 'NONE',  ( 0.5433238507458689748, -7.836778588237780951, -1.142097383520510157 ) ) ;
#1392 = ORIENTED_EDGE ( 'NONE', *, *, #2002, .T. ) ;
#1393 = DIRECTION ( 'NONE',  ( 0.000000000000000000, 1.000000000000000000, 0.000000000000000000 ) ) ;
#1394 = VECTOR ( 'NONE', #30, 100.0000000000000000 ) ;
#1395 = CARTESIAN_POINT ( 'NONE',  ( 2.055233652719089754, -7.836778588237780951, -1.481056949535999978 ) ) ;
#1396 = EDGE_CURVE ( 'NONE', #1959, #1787, #1939, .T. ) ;
#1397 = CARTESIAN_POINT ( 'NONE',  ( 2.488497541451959894, -7.836778588237780951, -3.381549751420139582 ) ) ;
#1398 = CYLINDRICAL_SURFACE ( 'NONE', #1159, 0.4012853364081462315 ) ;
#1399 = ORIENTED_EDGE ( 'NONE', *, *, #1901, .T. ) ;
#1400 = VERTEX_POINT ( 'NONE', #122 ) ;
#1401 = CARTESIAN_POINT ( 'NONE',  ( 0.3665395391698579863, -8.436778588237778820, -4.503361663009119553 ) ) ;
#1402 = B_SPLINE_CURVE_WITH_KNOTS ( 'NONE', 3,
 ( #1867, #288, #380, #2233, #828, #366, #553, #1716, #1518, #1002 ),
 .UNSPECIFIED., .F., .F.,
 ( 4, 2, 2, 2, 4 ),
 ( -0.06291728967695729702, -0.04718805383521719465, -0.03145948477074909932, -0.01572964763302289737, 0.000000000000000000 ),
 .UNSPECIFIED. ) ;
#1403 = CARTESIAN_POINT ( 'NONE',  ( -0.7627056933597040622, -7.836778588237780951, -2.760918551078770378 ) ) ;
#1404 = ORIENTED_EDGE ( 'NONE', *, *, #1065, .T. ) ;
#1405 = EDGE_CURVE ( 'NONE', #539, #2107, #1511, .T. ) ;
#1406 = PLANE ( 'NONE',  #1685 ) ;
#1407 = EDGE_CURVE ( 'NONE', #58, #1523, #1163, .T. ) ;
#1408 = CARTESIAN_POINT ( 'NONE',  ( 0.09207967627749179262, -8.436778588237778820, -1.408386861300610082 ) ) ;
#1409 = CARTESIAN_POINT ( 'NONE',  ( -0.9855875505528849390, -7.836778588237780951, -3.035199203275929847 ) ) ;
#1410 = CARTESIAN_POINT ( 'NONE',  ( 2.492020647646569831, -8.436778588237778820, -2.367684185072129743 ) ) ;
#1411 = DIRECTION ( 'NONE',  ( 0.8853323061113569370, 0.000000000000000000, 0.4649588237204952956 ) ) ;
#1412 = DIRECTION ( 'NONE',  ( 0.8853323061113564929, 0.000000000000000000, 0.4649588237204958507 ) ) ;
#1413 = ORIENTED_EDGE ( 'NONE', *, *, #2019, .F. ) ;
#1414 = EDGE_CURVE ( 'NONE', #1667, #1802, #1548, .T. ) ;
#1415 = CARTESIAN_POINT ( 'NONE',  ( 1.526562554169909935, -8.436778588237778820, -1.146942544819919974 ) ) ;
#1416 = CARTESIAN_POINT ( 'NONE',  ( 0.3962086998590519382, -8.436778588237778820, -4.494701629967440049 ) ) ;
#1417 = FACE_OUTER_BOUND ( 'NONE', #367, .T. ) ;
#1418 = VERTEX_POINT ( 'NONE', #672 ) ;
#1419 = CARTESIAN_POINT ( 'NONE',  ( 1.469281373919160361, -8.436778588237778820, -4.299570093822011607 ) ) ;
#1420 = FACE_OUTER_BOUND ( 'NONE', #1684, .T. ) ;
#1421 = CARTESIAN_POINT ( 'NONE',  ( -0.3875198833871060233, -8.436778588237778820, -1.588486666581480078 ) ) ;
#1422 = CARTESIAN_POINT ( 'NONE',  ( 1.580132625603570373, -8.436778588237778820, -1.530506714265671864 ) ) ;
#1423 = LINE ( 'NONE', #728, #169 ) ;
#1424 = ORIENTED_EDGE ( 'NONE', *, *, #1720, .T. ) ;
#1425 = CARTESIAN_POINT ( 'NONE',  ( 1.101740412397849811, -8.436778588237778820, -4.450791393730719747 ) ) ;
#1426 = CARTESIAN_POINT ( 'NONE',  ( -0.4757505299431780132, -7.836778588237780951, -3.973761553021099679 ) ) ;
#1427 = AXIS2_PLACEMENT_3D ( 'NONE', #1845, #2200, #1137 ) ;
#1428 = ORIENTED_EDGE ( 'NONE', *, *, #1989, .T. ) ;
#1429 = CARTESIAN_POINT ( 'NONE',  ( 2.524325295499189714, -8.436778588237778820, -2.392273626418719878 ) ) ;
#1430 = VERTEX_POINT ( 'NONE', #1558 ) ;
#1431 = DIRECTION ( 'NONE',  ( 0.8853323061113560488, 0.000000000000000000, 0.4649588237204969055 ) ) ;
#1432 = VECTOR ( 'NONE', #1209, 100.0000000000000000 ) ;
#1433 = DIRECTION ( 'NONE',  ( 0.000000000000000000, -1.000000000000000000, 0.000000000000000000 ) ) ;
#1434 = DIRECTION ( 'NONE',  ( 0.8853323061113566039, 0.000000000000000000, 0.4649588237204957952 ) ) ;
#1435 = CIRCLE ( 'NONE', #1025, 1.743714663591850345 ) ;
#1436 = ORIENTED_EDGE ( 'NONE', *, *, #1967, .T. ) ;
#1437 = EDGE_CURVE ( 'NONE', #263, #90, #1822, .T. ) ;
#1438 = CARTESIAN_POINT ( 'NONE',  ( -0.4785073994198980052, -7.836778588237780951, -3.969301161380180076 ) ) ;
#1439 = ADVANCED_FACE ( 'NONE', ( #467 ), #1195, .T. ) ;
#1440 = EDGE_LOOP ( 'NONE', ( #662, #977 ) ) ;
#1441 = CARTESIAN_POINT ( 'NONE',  ( 0.5125880511076990054, -7.836778588237780951, -1.115768900004689979 ) ) ;
#1442 = ORIENTED_EDGE ( 'NONE', *, *, #1967, .F. ) ;
#1443 = EDGE_CURVE ( 'NONE', #2107, #1029, #822, .T. ) ;
#1444 = CARTESIAN_POINT ( 'NONE',  ( 2.021755217900820245, -8.436778588237778820, -4.011883362008980214 ) ) ;
#1445 = VECTOR ( 'NONE', #510, 100.0000000000000000 ) ;
#1446 = CARTESIAN_POINT ( 'NONE',  ( -0.7175261180456810051, -8.436778588237778820, -3.291148911996720550 ) ) ;
#1447 = CARTESIAN_POINT ( 'NONE',  ( -0.7996561105878380316, -7.836778588237780951, -3.683939677597559914 ) ) ;
#1448 = FACE_OUTER_BOUND ( 'NONE', #324, .T. ) ;
#1449 = ORIENTED_EDGE ( 'NONE', *, *, #2184, .F. ) ;
#1450 = CARTESIAN_POINT ( 'NONE',  ( -0.4804143074233640509, -7.836778588237780951, -3.928747559803909883 ) ) ;
#1451 = ORIENTED_EDGE ( 'NONE', *, *, #1039, .T. ) ;
#1452 = CARTESIAN_POINT ( 'NONE',  ( 1.938206027481439886, -7.836778588237780951, -4.280263156048859763 ) ) ;
#1453 = ORIENTED_EDGE ( 'NONE', *, *, #1379, .T. ) ;
#1454 = B_SPLINE_CURVE_WITH_KNOTS ( 'NONE', 3,
 ( #641, #502, #1859, #293, #1196, #2214, #2227, #834, #306, #1348 ),
 .UNSPECIFIED., .F., .F.,
 ( 4, 2, 2, 2, 4 ),
 ( -0.06291728948399080701, -0.04718805374563229960, -0.03145948477175920105, -0.01572964766213819782, 0.000000000000000000 ),
 .UNSPECIFIED. ) ;
#1455 = B_SPLINE_SURFACE_WITH_KNOTS ( 'NONE', 3, 1, ( 
 ( #2155, #1288 ),
 ( #413, #1110 ),
 ( #787, #234 ),
 ( #1492, #72 ),
 ( #2174, #600 ),
 ( #1156, #325 ),
 ( #1182, #1676 ),
 ( #994, #658 ),
 ( #850, #629 ),
 ( #861, #1858 ) ),
 .UNSPECIFIED., .F., .F., .F.,
 ( 4, 2, 2, 2, 4 ),
 ( 2, 2 ),
 ( -0.06291728967695729702, -0.04718805383521719465, -0.03145948477074909932, -0.01572964763302290084, 0.000000000000000000 ),
 ( 0.000000000000000000, 0.5999999999999999778 ),
 .UNSPECIFIED. ) ;
#1456 = CARTESIAN_POINT ( 'NONE',  ( -0.7257552761315699819, -7.836778588237780951, -1.837897424559999715 ) ) ;
#1457 = EDGE_CURVE ( 'NONE', #752, #1750, #985, .T. ) ;
#1458 = CARTESIAN_POINT ( 'NONE',  ( 2.439724647104139610, -7.836778588237780951, -3.412852208368170270 ) ) ;
#1459 = ORIENTED_EDGE ( 'NONE', *, *, #759, .T. ) ;
#1460 = ORIENTED_EDGE ( 'NONE', *, *, #689, .F. ) ;
#1461 = DIRECTION ( 'NONE',  ( -1.224646799147339895E-16, 1.000000000000000000, 1.325286320771320103E-30 ) ) ;
#1462 = ORIENTED_EDGE ( 'NONE', *, *, #2170, .T. ) ;
#1463 = CARTESIAN_POINT ( 'NONE',  ( -0.3759499067286100060, -7.836778588237780951, -1.571250008128419973 ) ) ;
#1464 = EDGE_CURVE ( 'NONE', #352, #1738, #1435, .T. ) ;
#1465 = CIRCLE ( 'NONE', #431, 1.199999999999999512 ) ;
#1466 = CARTESIAN_POINT ( 'NONE',  ( -1.001873864820320037, -7.836778588237780951, -2.979977791332820036 ) ) ;
#1467 = DIRECTION ( 'NONE',  ( 1.224646799147339895E-16, -1.000000000000000000, -1.328812179283822000E-30 ) ) ;
#1468 = ADVANCED_FACE ( 'NONE', ( #1292 ), #23, .F. ) ;
#1469 = FACE_OUTER_BOUND ( 'NONE', #150, .T. ) ;
#1470 = VERTEX_POINT ( 'NONE', #900 ) ;
#1471 = ORIENTED_EDGE ( 'NONE', *, *, #1482, .F. ) ;
#1472 = CARTESIAN_POINT ( 'NONE',  ( 2.111197670206200083, -7.836778588237780951, -1.781856127957480052 ) ) ;
#1473 = DIRECTION ( 'NONE',  ( 0.000000000000000000, 1.000000000000000000, 0.000000000000000000 ) ) ;
#1474 = DIRECTION ( 'NONE',  ( 0.000000000000000000, 1.000000000000000000, 0.000000000000000000 ) ) ;
#1475 = CARTESIAN_POINT ( 'NONE',  ( 0.5269001619086930432, -8.436778588237778820, -1.122165585001239974 ) ) ;
#1476 = ORIENTED_EDGE ( 'NONE', *, *, #2087, .T. ) ;
#1477 = VECTOR ( 'NONE', #1115, 100.0000000000000000 ) ;
#1478 = ADVANCED_FACE ( 'NONE', ( #1580 ), #1098, .F. ) ;
#1479 = CARTESIAN_POINT ( 'NONE',  ( -0.4750071151591480634, -8.436778588237778820, -3.919806061347640203 ) ) ;
#1480 = DIRECTION ( 'NONE',  ( 0.000000000000000000, -1.000000000000000000, 0.000000000000000000 ) ) ;
#1481 = CARTESIAN_POINT ( 'NONE',  ( 2.460366904181930270, -7.836778588237780951, -3.410646765264590208 ) ) ;
#1482 = EDGE_CURVE ( 'NONE', #1042, #1000, #1314, .T. ) ;
#1483 = CARTESIAN_POINT ( 'NONE',  ( 1.545283076769459862, -8.436778588237778820, -1.142719774744340056 ) ) ;
#1484 = VECTOR ( 'NONE', #1824, 100.0000000000000000 ) ;
#1485 = ORIENTED_EDGE ( 'NONE', *, *, #862, .F. ) ;
#1486 = CARTESIAN_POINT ( 'NONE',  ( -0.6752862121410889706, -7.836778588237780951, -2.235996400690420050 ) ) ;
#1487 = LINE ( 'NONE', #2134, #1056 ) ;
#1488 = ORIENTED_EDGE ( 'NONE', *, *, #521, .F. ) ;
#1489 = DIRECTION ( 'NONE',  ( 0.000000000000000000, -1.000000000000000000, 0.000000000000000000 ) ) ;
#1490 = CARTESIAN_POINT ( 'NONE',  ( 0.5433238507458689748, -7.836778588237780951, -1.142097383520510157 ) ) ;
#1491 = CARTESIAN_POINT ( 'NONE',  ( 1.484733383869669909, -7.836778588237780951, -4.551486623703429935 ) ) ;
#1492 = CARTESIAN_POINT ( 'NONE',  ( 0.3962086998590519382, -7.836778588237780951, -4.494701629967440049 ) ) ;
#1493 = EDGE_CURVE ( 'NONE', #1507, #2030, #1211, .T. ) ;
#1494 = VERTEX_POINT ( 'NONE', #709 ) ;
#1495 = CARTESIAN_POINT ( 'NONE',  ( -0.4722848394152010520, -7.836778588237780951, -3.977695855342960218 ) ) ;
#1496 = DIRECTION ( 'NONE',  ( 0.000000000000000000, 1.000000000000000000, 0.000000000000000000 ) ) ;
#1497 = DIRECTION ( 'NONE',  ( 1.224646799147339895E-16, -1.000000000000000000, -1.328812179283822000E-30 ) ) ;
#1498 = DIRECTION ( 'NONE',  ( 0.2199748739264520414, 0.000000000000000000, -0.9755055380883501659 ) ) ;
#1499 = DIRECTION ( 'NONE',  ( 0.000000000000000000, 1.000000000000000000, 0.000000000000000000 ) ) ;
#1500 = VECTOR ( 'NONE', #870, 100.0000000000000000 ) ;
#1501 = CARTESIAN_POINT ( 'NONE',  ( -0.3903779461006199880, -8.436778588237778820, -1.603901313887710289 ) ) ;
#1502 = EDGE_CURVE ( 'NONE', #1852, #2082, #547, .T. ) ;
#1503 = AXIS2_PLACEMENT_3D ( 'NONE', #2127, #556, #571 ) ;
#1504 = EDGE_LOOP ( 'NONE', ( #639, #2167, #645, #824 ) ) ;
#1505 = CARTESIAN_POINT ( 'NONE',  ( 0.8360137942302858782, -7.836778588237780951, -2.824918551078780204 ) ) ;
#1506 = EDGE_CURVE ( 'NONE', #1240, #1291, #536, .T. ) ;
#1507 = VERTEX_POINT ( 'NONE', #376 ) ;
#1508 = DIRECTION ( 'NONE',  ( 0.8853323061113567150, 0.000000000000000000, 0.4649588237204956842 ) ) ;
#1509 = CARTESIAN_POINT ( 'NONE',  ( 2.434733281820280038, -7.836778588237780951, -2.888918551078790031 ) ) ;
#1510 = CARTESIAN_POINT ( 'NONE',  ( 2.107553143005739926, -8.436778588237778820, -1.796575311844869960 ) ) ;
#1511 = LINE ( 'NONE', #1707, #2226 ) ;
#1512 = ORIENTED_EDGE ( 'NONE', *, *, #1801, .T. ) ;
#1513 = FACE_OUTER_BOUND ( 'NONE', #545, .T. ) ;
#1514 = CARTESIAN_POINT ( 'NONE',  ( 1.690614450446999761, -7.836778588237780951, -4.183330387891888158 ) ) ;
#1515 = ORIENTED_EDGE ( 'NONE', *, *, #1783, .F. ) ;
#1516 = ORIENTED_EDGE ( 'NONE', *, *, #1688, .F. ) ;
#1517 = CARTESIAN_POINT ( 'NONE',  ( 2.017249922753249880, -7.836778588237780951, -4.026360136785889665 ) ) ;
#1518 = CARTESIAN_POINT ( 'NONE',  ( 0.3613279134205030219, -7.836778588237780951, -4.502786007275619617 ) ) ;
#1519 = LINE ( 'NONE', #1833, #1764 ) ;
#1520 = DIRECTION ( 'NONE',  ( 1.224646799147339895E-16, -1.000000000000000000, -1.328812179283822000E-30 ) ) ;
#1521 = ORIENTED_EDGE ( 'NONE', *, *, #1150, .F. ) ;
#1522 = DIRECTION ( 'NONE',  ( 0.000000000000000000, -1.000000000000000000, 0.000000000000000000 ) ) ;
#1523 = VERTEX_POINT ( 'NONE', #1149 ) ;
#1524 =( NAMED_UNIT ( * ) SI_UNIT ( $, .STERADIAN. ) SOLID_ANGLE_UNIT ( ) );
#1525 = CARTESIAN_POINT ( 'NONE',  ( 2.324066743556360670, -8.436778588237778820, -2.947038404043851756 ) ) ;
#1526 = EDGE_CURVE ( 'NONE', #539, #1937, #2032, .T. ) ;
#1527 = DIRECTION ( 'NONE',  ( -1.224646799147339895E-16, 1.000000000000000000, 1.325286320771320103E-30 ) ) ;
#1528 = CARTESIAN_POINT ( 'NONE',  ( 1.390222151092370018, -8.436778588237778820, -4.552724722099930510 ) ) ;
#1529 = CARTESIAN_POINT ( 'NONE',  ( -0.9988490425123038863, -8.436778588237778820, -2.999170188524470149 ) ) ;
#1530 = CIRCLE ( 'NONE', #1605, 0.1250000000000001943 ) ;
#1531 = CARTESIAN_POINT ( 'NONE',  ( 2.023738870785440014, -8.436778588237778820, -3.966576238602709914 ) ) ;
#1532 = FACE_OUTER_BOUND ( 'NONE', #1559, .T. ) ;
#1533 = VERTEX_POINT ( 'NONE', #805 ) ;
#1534 = EDGE_CURVE ( 'NONE', #864, #528, #772, .T. ) ;
#1535 = DIRECTION ( 'NONE',  ( -1.224646799147339895E-16, 1.000000000000000000, 1.317993615341604023E-30 ) ) ;
#1536 = ORIENTED_EDGE ( 'NONE', *, *, #512, .F. ) ;
#1537 = CARTESIAN_POINT ( 'NONE',  ( 0.4097425088298089491, -8.436778588237778820, -4.478958235077339367 ) ) ;
#1538 = CARTESIAN_POINT ( 'NONE',  ( 1.154642965010630018, -8.436778588237778820, -4.479384061968129771 ) ) ;
#1539 = CYLINDRICAL_SURFACE ( 'NONE', #520, 0.1250000000000000278 ) ;
#1540 = VERTEX_POINT ( 'NONE', #1324 ) ;
#1541 = PRODUCT_DEFINITION ( 'General', '', #968, #852 ) ;
#1542 = SURFACE_SIDE_STYLE ('',( #2062 ) ) ;
#1543 = CARTESIAN_POINT ( 'NONE',  ( 1.990682453833349852, -8.436778588237778820, -1.389575411084460033 ) ) ;
#1544 = EDGE_CURVE ( 'NONE', #391, #1164, #653, .T. ) ;
#1545 = CARTESIAN_POINT ( 'NONE',  ( 2.112842034648469980, -7.836778588237780951, -1.736535426213180244 ) ) ;
#1546 = CARTESIAN_POINT ( 'NONE',  ( -0.9624304341004471519, -7.836778588237780951, -3.065873785548660191 ) ) ;
#1547 = ORIENTED_EDGE ( 'NONE', *, *, #572, .T. ) ;
#1548 = LINE ( 'NONE', #2039, #1251 ) ;
#1549 = EDGE_CURVE ( 'NONE', #1430, #174, #96, .T. ) ;
#1550 = ORIENTED_EDGE ( 'NONE', *, *, #1862, .F. ) ;
#1551 = EDGE_LOOP ( 'NONE', ( #2228, #1885 ) ) ;
#1552 = CARTESIAN_POINT ( 'NONE',  ( 0.4097425088298089491, -7.836778588237780951, -4.478958235077339367 ) ) ;
#1553 = DIRECTION ( 'NONE',  ( 0.000000000000000000, -1.000000000000000000, 0.000000000000000000 ) ) ;
#1554 = CARTESIAN_POINT ( 'NONE',  ( 2.109508370955400114, -7.836778588237780951, -1.721744839351090128 ) ) ;
#1555 = ORIENTED_EDGE ( 'NONE', *, *, #759, .F. ) ;
#1556 = CARTESIAN_POINT ( 'NONE',  ( 1.285874664354510033, -7.836778588237780951, -1.201217263056290063 ) ) ;
#1557 = ADVANCED_FACE ( 'NONE', ( #2169 ), #593, .F. ) ;
#1558 = CARTESIAN_POINT ( 'NONE',  ( 2.017249922753249880, -7.836778588237780951, -4.026360136785889665 ) ) ;
#1559 = EDGE_LOOP ( 'NONE', ( #798, #1303, #1337, #508 ) ) ;
#1560 = CARTESIAN_POINT ( 'NONE',  ( 0.4918286806541020684, -7.836778588237780951, -1.115510046473219941 ) ) ;
#1561 = EDGE_CURVE ( 'NONE', #2043, #391, #701, .T. ) ;
#1562 = EDGE_LOOP ( 'NONE', ( #1838, #231, #2110, #1079 ) ) ;
#1563 = CARTESIAN_POINT ( 'NONE',  ( 2.020989676769890053, -7.836778588237780951, -1.413211279544769994 ) ) ;
#1564 = CARTESIAN_POINT ( 'NONE',  ( -0.9624304341004471519, -8.436778588237778820, -3.065873785548660191 ) ) ;
#1565 = CARTESIAN_POINT ( 'NONE',  ( -0.7323726869692330776, -8.436778588237778820, -2.254900450237369736 ) ) ;
#1566 = LINE ( 'NONE', #1906, #1819 ) ;
#1567 = ORIENTED_EDGE ( 'NONE', *, *, #1834, .T. ) ;
#1568 = DIRECTION ( 'NONE',  ( 0.8853323061113569370, 0.000000000000000000, 0.4649588237204952956 ) ) ;
#1569 = ORIENTED_EDGE ( 'NONE', *, *, #1321, .F. ) ;
#1570 = PRODUCT_CONTEXT ( 'NONE', #1026, 'mechanical' ) ;
#1571 = EDGE_CURVE ( 'NONE', #2132, #1852, #298, .T. ) ;
#1572 = EDGE_LOOP ( 'NONE', ( #2008, #355, #217, #1800 ) ) ;
#1573 = AXIS2_PLACEMENT_3D ( 'NONE', #782, #1497, #266 ) ;
#1574 = CARTESIAN_POINT ( 'NONE',  ( 2.016551086939049942, -7.836778588237780951, -3.937208400443640510 ) ) ;
#1575 = VECTOR ( 'NONE', #1253, 100.0000000000000142 ) ;
#1576 = FACE_BOUND ( 'NONE', #1043, .T. ) ;
#1577 = CARTESIAN_POINT ( 'NONE',  ( 2.107553143005739926, -8.436778588237778820, -1.796575311844869960 ) ) ;
#1578 = DIRECTION ( 'NONE',  ( 0.000000000000000000, 1.000000000000000000, 0.000000000000000000 ) ) ;
#1579 = ORIENTED_EDGE ( 'NONE', *, *, #612, .F. ) ;
#1580 = FACE_OUTER_BOUND ( 'NONE', #1217, .T. ) ;
#1581 = B_SPLINE_CURVE_WITH_KNOTS ( 'NONE', 3,
 ( #1361, #1157, #1887, #630, #468, #2239 ),
 .UNSPECIFIED., .F., .F.,
 ( 4, 2, 4 ),
 ( -0.1151452602694140043, -0.05757262976845960167, 0.000000000000000000 ),
 .UNSPECIFIED. ) ;
#1582 = VERTEX_POINT ( 'NONE', #2061 ) ;
#1583 = DIRECTION ( 'NONE',  ( 0.8853323061113566039, 0.000000000000000000, 0.4649588237204961838 ) ) ;
#1584 = ORIENTED_EDGE ( 'NONE', *, *, #245, .T. ) ;
#1585 = ORIENTED_EDGE ( 'NONE', *, *, #1150, .T. ) ;
#1586 = CARTESIAN_POINT ( 'NONE',  ( -0.6520391550957843618, -7.836778588237780951, -2.702798698113708209 ) ) ;
#1587 = ADVANCED_FACE ( 'NONE', ( #1230 ), #1188, .F. ) ;
#1588 = CARTESIAN_POINT ( 'NONE',  ( -0.3903779461006199880, -7.836778588237780951, -1.603901313887710289 ) ) ;
#1589 = EDGE_CURVE ( 'NONE', #674, #752, #1681, .T. ) ;
#1590 = B_SPLINE_CURVE_WITH_KNOTS ( 'NONE', 3,
 ( #1844, #1818, #960, #453, #2005, #1655, #443, #784, #86, #1490 ),
 .UNSPECIFIED., .F., .F.,
 ( 4, 2, 2, 2, 4 ),
 ( -0.06291728948399080701, -0.04718805374563229960, -0.03145948477175920105, -0.01572964766213819782, 0.000000000000000000 ),
 .UNSPECIFIED. ) ;
#1591 = CARTESIAN_POINT ( 'NONE',  ( -0.01877157540691339749, -8.436778588237778820, -4.177450240856950714 ) ) ;
#1592 = ORIENTED_EDGE ( 'NONE', *, *, #1506, .F. ) ;
#1593 = CARTESIAN_POINT ( 'NONE',  ( -0.4757505299431780132, -8.436778588237778820, -3.973761553021099679 ) ) ;
#1594 = CYLINDRICAL_SURFACE ( 'NONE', #2050, 0.1250000000000001943 ) ;
#1595 = VERTEX_POINT ( 'NONE', #2114 ) ;
#1596 = DIRECTION ( 'NONE',  ( 0.8853323061113566039, 0.000000000000000000, 0.4649588237204957952 ) ) ;
#1597 = ORIENTED_EDGE ( 'NONE', *, *, #1266, .F. ) ;
#1598 = CARTESIAN_POINT ( 'NONE',  ( 2.017249922753249880, -7.836778588237780951, -4.026360136785889665 ) ) ;
#1599 = EDGE_CURVE ( 'NONE', #1075, #515, #369, .T. ) ;
#1600 = LINE ( 'NONE', #20, #1394 ) ;
#1601 = FACE_BOUND ( 'NONE', #1212, .T. ) ;
#1602 = DIRECTION ( 'NONE',  ( 0.8853323061113566039, 0.000000000000000000, 0.4649588237204957952 ) ) ;
#1603 = ORIENTED_EDGE ( 'NONE', *, *, #1437, .T. ) ;
#1604 = CARTESIAN_POINT ( 'NONE',  ( 0.8360137942302858782, -8.436778588237778820, -2.824918551078780204 ) ) ;
#1605 = AXIS2_PLACEMENT_3D ( 'NONE', #1509, #615, #584 ) ;
#1606 = CARTESIAN_POINT ( 'NONE',  ( 0.5125880511076990054, -8.436778588237778820, -1.115768900004689979 ) ) ;
#1607 = ORIENTED_EDGE ( 'NONE', *, *, #1549, .F. ) ;
#1608 = CIRCLE ( 'NONE', #986, 0.1250000000000001943 ) ;
#1609 = CARTESIAN_POINT ( 'NONE',  ( -0.7048966999133710054, -7.836778588237780951, -2.242108131547730032 ) ) ;
#1610 = ADVANCED_BREP_SHAPE_REPRESENTATION ( 'hd hex motor v3(Mirror)-0.step', ( #597, #1690 ), #666 ) ;
#1611 = CIRCLE ( 'NONE', #1286, 0.4012853364081461205 ) ;
#1612 = CARTESIAN_POINT ( 'NONE',  ( -0.7996561105878380316, -7.836778588237780951, -3.683939677597559914 ) ) ;
#1613 = DIRECTION ( 'NONE',  ( -0.1547919166682590886, 0.000000000000000000, -0.9879470950077067215 ) ) ;
#1614 = ORIENTED_EDGE ( 'NONE', *, *, #788, .T. ) ;
#1615 = ORIENTED_EDGE ( 'NONE', *, *, #1360, .T. ) ;
#1616 = ADVANCED_FACE ( 'NONE', ( #41 ), #748, .F. ) ;
#1617 = B_SPLINE_CURVE_WITH_KNOTS ( 'NONE', 3,
 ( #2090, #137, #1565, #1883, #1385, #1695 ),
 .UNSPECIFIED., .F., .F.,
 ( 4, 2, 4 ),
 ( -0.09096973799248829484, -0.04548486329592100336, 0.000000000000000000 ),
 .UNSPECIFIED. ) ;
#1618 = DIRECTION ( 'NONE',  ( 0.000000000000000000, 1.000000000000000000, 0.000000000000000000 ) ) ;
#1619 = ORIENTED_EDGE ( 'NONE', *, *, #677, .T. ) ;
#1620 = VECTOR ( 'NONE', #867, 100.0000000000000000 ) ;
#1621 = DIRECTION ( 'NONE',  ( 0.8853323061113567150, 0.000000000000000000, 0.4649588237204956842 ) ) ;
#1622 = DIRECTION ( 'NONE',  ( 0.8853323061113560488, 0.000000000000000000, 0.4649588237204969055 ) ) ;
#1623 = CARTESIAN_POINT ( 'NONE',  ( -0.7627056933597040622, -7.836778588237780951, -2.760918551078770378 ) ) ;
#1624 = DIRECTION ( 'NONE',  ( 0.000000000000000000, 1.000000000000000000, 0.000000000000000000 ) ) ;
#1625 = ORIENTED_EDGE ( 'NONE', *, *, #179, .F. ) ;
#1626 = EDGE_LOOP ( 'NONE', ( #345, #1140 ) ) ;
#1627 = ADVANCED_FACE ( 'NONE', ( #8 ), #1539, .F. ) ;
#1628 = CARTESIAN_POINT ( 'NONE',  ( 2.101685340503639754, -7.836778588237780951, -1.810555428015679924 ) ) ;
#1629 = VERTEX_POINT ( 'NONE', #114 ) ;
#1630 = CARTESIAN_POINT ( 'NONE',  ( -0.9629494371380991069, -7.836778588237780951, -2.469699318151209688 ) ) ;
#1631 = ORIENTED_EDGE ( 'NONE', *, *, #692, .T. ) ;
#1632 = ADVANCED_FACE ( 'NONE', ( #1215 ), #2230, .T. ) ;
#1633 = CARTESIAN_POINT ( 'NONE',  ( 2.023738870785440014, -7.836778588237780951, -3.966576238602709914 ) ) ;
#1634 = CYLINDRICAL_SURFACE ( 'NONE', #895, 0.4012853364081460650 ) ;
#1635 = CARTESIAN_POINT ( 'NONE',  ( -0.7996561105878380316, -7.836778588237780951, -3.683939677597559914 ) ) ;
#1636 = ORIENTED_EDGE ( 'NONE', *, *, #2002, .F. ) ;
#1637 = CARTESIAN_POINT ( 'NONE',  ( -0.4824403509079030483, -8.436778588237778820, -3.959588286397800694 ) ) ;
#1638 = EDGE_CURVE ( 'NONE', #631, #563, #285, .T. ) ;
#1639 = CARTESIAN_POINT ( 'NONE',  ( 0.8477989023330698704, -7.836778588237780951, -1.375324980414830200 ) ) ;
#1640 = FACE_OUTER_BOUND ( 'NONE', #1048, .T. ) ;
#1641 = ORIENTED_EDGE ( 'NONE', *, *, #1989, .F. ) ;
#1642 = AXIS2_PLACEMENT_3D ( 'NONE', #869, #667, #2064 ) ;
#1643 =( GEOMETRIC_REPRESENTATION_CONTEXT ( 3 ) GLOBAL_UNCERTAINTY_ASSIGNED_CONTEXT ( ( #733 ) ) GLOBAL_UNIT_ASSIGNED_CONTEXT ( ( #948, #1983, #757 ) ) REPRESENTATION_CONTEXT ( 'NONE', 'WORKASPACE' ) );
#1644 = CARTESIAN_POINT ( 'NONE',  ( -0.7175261180456999899, -7.836778588237780951, -3.291148911996809812 ) ) ;
#1645 = CARTESIAN_POINT ( 'NONE',  ( 1.154642965010630018, -8.436778588237778820, -4.479384061968129771 ) ) ;
#1646 = VECTOR ( 'NONE', #1364, 100.0000000000000142 ) ;
#1647 = DIRECTION ( 'NONE',  ( -1.224646799147339895E-16, 1.000000000000000000, 1.317993615341604023E-30 ) ) ;
#1648 = LINE ( 'NONE', #1332, #2000 ) ;
#1649 = CARTESIAN_POINT ( 'NONE',  ( 1.564706079894790269, -8.436778588237778820, -1.142225184830079954 ) ) ;
#1650 = VECTOR ( 'NONE', #340, 100.0000000000000000 ) ;
#1651 = ORIENTED_EDGE ( 'NONE', *, *, #1997, .T. ) ;
#1652 = FACE_OUTER_BOUND ( 'NONE', #121, .T. ) ;
#1653 = ORIENTED_EDGE ( 'NONE', *, *, #76, .T. ) ;
#1654 = EDGE_CURVE ( 'NONE', #1319, #1114, #1283, .T. ) ;
#1655 = CARTESIAN_POINT ( 'NONE',  ( 0.5269001619086930432, -7.836778588237780951, -1.122165585001239974 ) ) ;
#1656 = DIRECTION ( 'NONE',  ( 0.8853323061113567150, 0.000000000000000000, 0.4649588237204956842 ) ) ;
#1657 = CIRCLE ( 'NONE', #745, 0.1250000000000000555 ) ;
#1658 = CARTESIAN_POINT ( 'NONE',  ( -0.4757505299431780132, -8.436778588237778820, -3.973761553021099679 ) ) ;
#1659 = ORIENTED_EDGE ( 'NONE', *, *, #127, .T. ) ;
#1660 = LINE ( 'NONE', #1560, #1952 ) ;
#1661 = CARTESIAN_POINT ( 'NONE',  ( 2.020989676769890053, -7.836778588237780951, -1.413211279544769994 ) ) ;
#1662 = CARTESIAN_POINT ( 'NONE',  ( 2.021282597687549920, -7.836778588237780951, -3.951612826994450156 ) ) ;
#1663 = ADVANCED_FACE ( 'NONE', ( #1417 ), #1594, .F. ) ;
#1664 = DIRECTION ( 'NONE',  ( 0.000000000000000000, 1.000000000000000000, 0.000000000000000000 ) ) ;
#1665 = B_SPLINE_CURVE_WITH_KNOTS ( 'NONE', 3,
 ( #479, #1141, #1661, #296, #2187, #1010 ),
 .UNSPECIFIED., .F., .F.,
 ( 4, 2, 4 ),
 ( -0.1151452602694389982, -0.05757262976847040553, 0.000000000000000000 ),
 .UNSPECIFIED. ) ;
#1666 = CARTESIAN_POINT ( 'NONE',  ( 1.427866530286389990, -7.836778588237780951, -4.560476026381719450 ) ) ;
#1667 = VERTEX_POINT ( 'NONE', #1847 ) ;
#1668 = CARTESIAN_POINT ( 'NONE',  ( -0.7449677611624819784, -7.836778588237780951, -2.263344421039839904 ) ) ;
#1669 = FACE_OUTER_BOUND ( 'NONE', #2038, .T. ) ;
#1670 = CARTESIAN_POINT ( 'NONE',  ( 1.390222151092370018, -8.436778588237778820, -4.552724722099930510 ) ) ;
#1671 = MECHANICAL_DESIGN_GEOMETRIC_PRESENTATION_REPRESENTATION (  '', ( #1752 ), #1643 ) ;
#1672 = DIRECTION ( 'NONE',  ( 1.224646799147339895E-16, -1.000000000000000000, -1.328812179283822000E-30 ) ) ;
#1673 = AXIS2_PLACEMENT_3D ( 'NONE', #323, #683, #485 ) ;
#1674 = CARTESIAN_POINT ( 'NONE',  ( 2.113857190775600081, -8.436778588237778820, -1.751665065828349910 ) ) ;
#1675 = ADVANCED_FACE ( 'NONE', ( #1299 ), #89, .F. ) ;
#1676 = CARTESIAN_POINT ( 'NONE',  ( 0.3769992110152490250, -8.436778588237778820, -4.502745740529880081 ) ) ;
#1677 = VECTOR ( 'NONE', #224, 100.0000000000000142 ) ;
#1678 = EDGE_LOOP ( 'NONE', ( #699, #1462, #1453, #729 ) ) ;
#1679 = DIRECTION ( 'NONE',  ( 0.000000000000000000, 1.000000000000000000, 0.000000000000000000 ) ) ;
#1680 = CARTESIAN_POINT ( 'NONE',  ( -1.001104939795570026, -7.836778588237780951, -2.960802325273829805 ) ) ;
#1681 = B_SPLINE_CURVE_WITH_KNOTS ( 'NONE', 3,
 ( #1758, #1204, #2251, #2219, #1466, #417 ),
 .UNSPECIFIED., .F., .F.,
 ( 4, 2, 4 ),
 ( -0.1151452602694219979, -0.05757262976847030145, 0.000000000000000000 ),
 .UNSPECIFIED. ) ;
#1682 = CARTESIAN_POINT ( 'NONE',  ( 0.4918286806541020684, -7.836778588237780951, -1.115510046473219941 ) ) ;
#1683 = CARTESIAN_POINT ( 'NONE',  ( 1.813788407330779728, -7.836778588237780951, -1.277780290815499820 ) ) ;
#1684 = EDGE_LOOP ( 'NONE', ( #1471, #478, #1358, #567, #486, #873, #252, #1375, #1848, #1873, #1625, #1312, #2202, #1216, #1275, #1187, #1172, #1442, #34, #586, #860, #2118, #710, #377, #1555, #2212, #913, #1516, #437, #2248, #2206, #1018, #142, #1005, #1900, #2136, #1992, #1592, #1786, #1536 ) ) ;
#1685 = AXIS2_PLACEMENT_3D ( 'NONE', #1246, #370, #866 ) ;
#1686 = ORIENTED_EDGE ( 'NONE', *, *, #969, .T. ) ;
#1687 = CARTESIAN_POINT ( 'NONE',  ( 0.000000000000000000, 0.000000000000000000, 0.000000000000000000 ) ) ;
#1688 = EDGE_CURVE ( 'NONE', #1802, #2030, #1581, .T. ) ;
#1689 = CARTESIAN_POINT ( 'NONE',  ( -0.3832909482798210199, -7.836778588237780951, -1.628736947018829984 ) ) ;
#1690 = AXIS2_PLACEMENT_3D ( 'NONE', #1687, #342, #308 ) ;
#1691 = ORIENTED_EDGE ( 'NONE', *, *, #1862, .T. ) ;
#1692 = EDGE_CURVE ( 'NONE', #568, #1746, #1454, .T. ) ;
#1693 = CARTESIAN_POINT ( 'NONE',  ( -0.6520391550957843618, -8.436778588237778820, -2.702798698113708209 ) ) ;
#1694 = DIRECTION ( 'NONE',  ( 1.224646799147339895E-16, -1.000000000000000000, -1.328812179283822000E-30 ) ) ;
#1695 = CARTESIAN_POINT ( 'NONE',  ( -0.6752862121410889706, -8.436778588237778820, -2.235996400690420050 ) ) ;
#1696 = VERTEX_POINT ( 'NONE', #1377 ) ;
#1697 = CARTESIAN_POINT ( 'NONE',  ( 1.526562554169909935, -7.836778588237780951, -1.146942544819919974 ) ) ;
#1698 = ORIENTED_EDGE ( 'NONE', *, *, #182, .F. ) ;
#1699 = CARTESIAN_POINT ( 'NONE',  ( -0.9374144211205960309, -7.836778588237780951, -2.440973981600389919 ) ) ;
#1700 = FILL_AREA_STYLE_COLOUR ( '', #795 ) ;
#1701 = VECTOR ( 'NONE', #786, 100.0000000000000000 ) ;
#1702 = LINE ( 'NONE', #2077, #1034 ) ;
#1703 = EDGE_CURVE ( 'NONE', #32, #1787, #1898, .T. ) ;
#1704 = CYLINDRICAL_SURFACE ( 'NONE', #1642, 0.1250000000000000278 ) ;
#1705 = CARTESIAN_POINT ( 'NONE',  ( -0.7257552761315699819, -8.436778588237778820, -1.837897424559999715 ) ) ;
#1706 = ORIENTED_EDGE ( 'NONE', *, *, #858, .F. ) ;
#1707 = CARTESIAN_POINT ( 'NONE',  ( 0.3946075867668490389, -7.836778588237780951, -4.242769370784920113 ) ) ;
#1708 = VECTOR ( 'NONE', #2084, 100.0000000000000000 ) ;
#1709 = EDGE_LOOP ( 'NONE', ( #732, #1917, #328, #403 ) ) ;
#1710 = B_SPLINE_SURFACE_WITH_KNOTS ( 'NONE', 3, 1, ( 
 ( #1384, #857 ),
 ( #1037, #2243 ),
 ( #2234, #498 ),
 ( #2221, #1868 ),
 ( #118, #1220 ),
 ( #290, #346 ) ),
 .UNSPECIFIED., .F., .F., .F.,
 ( 4, 2, 4 ),
 ( 2, 2 ),
 ( -0.1151452602694350014, -0.05757262976847750402, 0.000000000000000000 ),
 ( 0.000000000000000000, 0.5999999999999999778 ),
 .UNSPECIFIED. ) ;
#1711 = CIRCLE ( 'NONE', #2037, 0.1250000000000000278 ) ;
#1712 = CARTESIAN_POINT ( 'NONE',  ( 0.8360137942302858782, -7.836778588237780951, -2.824918551078780204 ) ) ;
#1713 = AXIS2_PLACEMENT_3D ( 'NONE', #107, #1830, #84 ) ;
#1714 = AXIS2_PLACEMENT_3D ( 'NONE', #1803, #976, #618 ) ;
#1715 = ORIENTED_EDGE ( 'NONE', *, *, #1443, .F. ) ;
#1716 = CARTESIAN_POINT ( 'NONE',  ( 0.3665395391698579863, -7.836778588237780951, -4.503361663009119553 ) ) ;
#1717 = CARTESIAN_POINT ( 'NONE',  ( -0.9843641579540389763, -7.836778588237780951, -2.542617728905950170 ) ) ;
#1718 = CARTESIAN_POINT ( 'NONE',  ( -0.9754477215600190210, -7.836778588237780951, -3.051772722443120145 ) ) ;
#1719 = CARTESIAN_POINT ( 'NONE',  ( 0.8360137942302858782, -8.436778588237778820, -2.824918551078780204 ) ) ;
#1720 = EDGE_CURVE ( 'NONE', #2112, #22, #1724, .T. ) ;
#1721 = CARTESIAN_POINT ( 'NONE',  ( 2.481589822140870094, -7.836778588237780951, -2.367060471140149946 ) ) ;
#1722 = VERTEX_POINT ( 'NONE', #1008 ) ;
#1723 = CARTESIAN_POINT ( 'NONE',  ( 1.256983659148889876, -8.436778588237778820, -1.210130277172900115 ) ) ;
#1724 = LINE ( 'NONE', #327, #1138 ) ;
#1725 = CIRCLE ( 'NONE', #450, 0.1250000000000001943 ) ;
#1726 = EDGE_LOOP ( 'NONE', ( #1521, #1107, #1327, #816 ) ) ;
#1727 = DIRECTION ( 'NONE',  ( 1.224646799147339895E-16, -1.000000000000000000, -1.325286320771320103E-30 ) ) ;
#1728 = CARTESIAN_POINT ( 'NONE',  ( -0.3832909482798210199, -7.836778588237780951, -1.628736947018829984 ) ) ;
#1729 = AXIS2_PLACEMENT_3D ( 'NONE', #1623, #45, #625 ) ;
#1730 = EDGE_LOOP ( 'NONE', ( #669, #633 ) ) ;
#1731 = CARTESIAN_POINT ( 'NONE',  ( 2.434733281820280038, -8.436778588237778820, -2.888918551078790031 ) ) ;
#1732 = EDGE_CURVE ( 'NONE', #712, #758, #151, .T. ) ;
#1733 = CARTESIAN_POINT ( 'NONE',  ( 2.527704450830160265, -8.436778588237778820, -2.402161469058940124 ) ) ;
#1734 = CARTESIAN_POINT ( 'NONE',  ( -0.3704844038406748252, -7.836778588237780951, -1.651316266567384394 ) ) ;
#1735 = DIRECTION ( 'NONE',  ( 0.8853323061113567150, 0.000000000000000000, 0.4649588237204956842 ) ) ;
#1736 = ORIENTED_EDGE ( 'NONE', *, *, #1828, .T. ) ;
#1737 = CARTESIAN_POINT ( 'NONE',  ( 1.271084762059039974, -7.836778588237780951, -1.204553950395409911 ) ) ;
#1738 = VERTEX_POINT ( 'NONE', #2041 ) ;
#1739 = APPLICATION_PROTOCOL_DEFINITION ( 'draft international standard', 'automotive_design', 1998, #1026 ) ;
#1740 = CARTESIAN_POINT ( 'NONE',  ( -0.9754477215600190210, -8.436778588237778820, -3.051772722443120145 ) ) ;
#1741 = VERTEX_POINT ( 'NONE', #477 ) ;
#1742 = LINE ( 'NONE', #170, #1445 ) ;
#1743 = FACE_BOUND ( 'NONE', #1980, .T. ) ;
#1744 = CARTESIAN_POINT ( 'NONE',  ( 2.484338803225540016, -7.836778588237780951, -3.391135993442179863 ) ) ;
#1745 = FACE_OUTER_BOUND ( 'NONE', #1349, .T. ) ;
#1746 = VERTEX_POINT ( 'NONE', #823 ) ;
#1747 = DIRECTION ( 'NONE',  ( 0.8853323061113567150, 0.000000000000000000, 0.4649588237204957397 ) ) ;
#1748 = AXIS2_PLACEMENT_3D ( 'NONE', #962, #1520, #1656 ) ;
#1749 = CARTESIAN_POINT ( 'NONE',  ( 1.081642254328200048, -8.436778588237778820, -4.428203824530179133 ) ) ;
#1750 = VERTEX_POINT ( 'NONE', #1872 ) ;
#1751 = LINE ( 'NONE', #711, #646 ) ;
#1752 = STYLED_ITEM ( 'NONE', ( #497 ), #597 ) ;
#1753 = EDGE_CURVE ( 'NONE', #1582, #1595, #1963, .T. ) ;
#1754 = VECTOR ( 'NONE', #344, 100.0000000000000000 ) ;
#1755 = EDGE_LOOP ( 'NONE', ( #678, #697, #2258, #1636 ) ) ;
#1756 = ORIENTED_EDGE ( 'NONE', *, *, #1599, .T. ) ;
#1757 = CARTESIAN_POINT ( 'NONE',  ( -0.1711779306801030076, -8.436778588237778820, -1.733724152174220157 ) ) ;
#1758 = CARTESIAN_POINT ( 'NONE',  ( -0.9624304341004471519, -7.836778588237780951, -3.065873785548660191 ) ) ;
#1759 = CARTESIAN_POINT ( 'NONE',  ( 2.140260902210286975, -8.436778588237778820, -2.192146957050545630 ) ) ;
#1760 = CARTESIAN_POINT ( 'NONE',  ( 1.090815488828539959, -7.836778588237780951, -4.440275548646459569 ) ) ;
#1761 = CYLINDRICAL_SURFACE ( 'NONE', #1343, 0.4012853364081461205 ) ;
#1762 = ORIENTED_EDGE ( 'NONE', *, *, #506, .F. ) ;
#1763 = CARTESIAN_POINT ( 'NONE',  ( -0.4834182739437489773, -8.436778588237778820, -3.938785501920269994 ) ) ;
#1764 = VECTOR ( 'NONE', #69, 100.0000000000000000 ) ;
#1765 = ADVANCED_FACE ( 'NONE', ( #1333 ), #2023, .F. ) ;
#1766 = ORIENTED_EDGE ( 'NONE', *, *, #386, .T. ) ;
#1767 = CARTESIAN_POINT ( 'NONE',  ( 0.4918286806541020684, -8.436778588237778820, -1.115510046473219941 ) ) ;
#1768 = VERTEX_POINT ( 'NONE', #270 ) ;
#1769 = CARTESIAN_POINT ( 'NONE',  ( 2.021755217900820245, -7.836778588237780951, -4.011883362008980214 ) ) ;
#1770 = CARTESIAN_POINT ( 'NONE',  ( -0.3759499067286100060, -8.436778588237778820, -1.571250008128419973 ) ) ;
#1771 = ADVANCED_FACE ( 'NONE', ( #1119 ), #1810, .F. ) ;
#1772 = CARTESIAN_POINT ( 'NONE',  ( 0.8360137942302858782, -7.836778588237780951, -2.824918551078780204 ) ) ;
#1773 = FACE_OUTER_BOUND ( 'NONE', #237, .T. ) ;
#1774 = EDGE_LOOP ( 'NONE', ( #1550, #789, #1451, #1097 ) ) ;
#1775 = DIRECTION ( 'NONE',  ( 0.8853323061113564929, 0.000000000000000000, 0.4649588237204958507 ) ) ;
#1776 = DIRECTION ( 'NONE',  ( 0.8853323061113569370, 0.000000000000000000, 0.4649588237204952956 ) ) ;
#1777 = ORIENTED_EDGE ( 'NONE', *, *, #383, .F. ) ;
#1778 = DIRECTION ( 'NONE',  ( 1.224646799147339895E-16, -1.000000000000000000, -1.328812179283822000E-30 ) ) ;
#1779 = CARTESIAN_POINT ( 'NONE',  ( -0.7323726869692330776, -8.436778588237778820, -2.254900450237369736 ) ) ;
#1780 = CARTESIAN_POINT ( 'NONE',  ( -0.7465533038691269940, -8.436778588237778820, -3.282689796325009901 ) ) ;
#1781 = CARTESIAN_POINT ( 'NONE',  ( -0.3759499067286100060, -7.836778588237780951, -1.571250008128419973 ) ) ;
#1782 = ORIENTED_EDGE ( 'NONE', *, *, #2121, .T. ) ;
#1783 = EDGE_CURVE ( 'NONE', #183, #1045, #1519, .T. ) ;
#1784 = CARTESIAN_POINT ( 'NONE',  ( -0.4780883935556139996, -7.836778588237780951, -3.924048352743220391 ) ) ;
#1785 = VECTOR ( 'NONE', #108, 100.0000000000000000 ) ;
#1786 = ORIENTED_EDGE ( 'NONE', *, *, #297, .F. ) ;
#1787 = VERTEX_POINT ( 'NONE', #87 ) ;
#1788 = CARTESIAN_POINT ( 'NONE',  ( 2.055233652719089754, -8.436778588237778820, -1.481056949535999978 ) ) ;
#1789 = VECTOR ( 'NONE', #162, 100.0000000000000142 ) ;
#1790 = CARTESIAN_POINT ( 'NONE',  ( -0.7950832044169708901, -8.436778588237778820, -3.247178253393699698 ) ) ;
#1791 = CARTESIAN_POINT ( 'NONE',  ( 2.444939218421219973, -8.436778588237778820, -3.413399528037850406 ) ) ;
#1792 = ORIENTED_EDGE ( 'NONE', *, *, #1396, .T. ) ;
#1793 = FACE_OUTER_BOUND ( 'NONE', #1678, .T. ) ;
#1794 = ORIENTED_EDGE ( 'NONE', *, *, #896, .T. ) ;
#1795 = CARTESIAN_POINT ( 'NONE',  ( -0.9843641579540389763, -7.836778588237780951, -2.542617728905950170 ) ) ;
#1796 = ORIENTED_EDGE ( 'NONE', *, *, #2143, .F. ) ;
#1797 = CARTESIAN_POINT ( 'NONE',  ( -0.3901582237110730045, -7.836778588237780951, -1.609144627195140176 ) ) ;
#1798 = CARTESIAN_POINT ( 'NONE',  ( 1.526562554169909935, -8.436778588237778820, -1.146942544819919974 ) ) ;
#1799 = DIRECTION ( 'NONE',  ( 0.8853323061113567150, 0.000000000000000000, 0.4649588237204959063 ) ) ;
#1800 = ORIENTED_EDGE ( 'NONE', *, *, #364, .T. ) ;
#1801 = EDGE_CURVE ( 'NONE', #1667, #1507, #1935, .T. ) ;
#1802 = VERTEX_POINT ( 'NONE', #1894 ) ;
#1803 = CARTESIAN_POINT ( 'NONE',  ( -0.7627056933597040622, -7.836778588237780951, -2.760918551078770378 ) ) ;
#1804 = CARTESIAN_POINT ( 'NONE',  ( 0.2027462145414114236, -8.436778588237778820, -1.350267008335547914 ) ) ;
#1805 = CARTESIAN_POINT ( 'NONE',  ( 0.5310927524526629639, -7.836778588237780951, -1.125323386051479968 ) ) ;
#1806 = ORIENTED_EDGE ( 'NONE', *, *, #2105, .F. ) ;
#1807 = DIRECTION ( 'NONE',  ( 0.8853323061113566039, 0.000000000000000000, 0.4649588237204957952 ) ) ;
#1808 = CARTESIAN_POINT ( 'NONE',  ( 1.090815488828539959, -8.436778588237778820, -4.440275548646459569 ) ) ;
#1809 = CARTESIAN_POINT ( 'NONE',  ( 0.9099146286865539279, -7.836778588237780951, -0.9788762980412121228 ) ) ;
#1810 = CYLINDRICAL_SURFACE ( 'NONE', #35, 0.4012853364081461205 ) ;
#1811 = CARTESIAN_POINT ( 'NONE',  ( -0.3828234519781829603, -8.436778588237778820, -1.579120363808480088 ) ) ;
#1812 = CARTESIAN_POINT ( 'NONE',  ( -0.4824403509079030483, -8.436778588237778820, -3.959588286397800694 ) ) ;
#1813 = CARTESIAN_POINT ( 'NONE',  ( -0.2263849731033419632, -8.436778588237778820, -3.382869139543375425 ) ) ;
#1814 = ORIENTED_EDGE ( 'NONE', *, *, #1654, .T. ) ;
#1815 = AXIS2_PLACEMENT_3D ( 'NONE', #2142, #1254, #1775 ) ;
#1816 = CARTESIAN_POINT ( 'NONE',  ( -0.4750071151591480634, -7.836778588237780951, -3.919806061347640203 ) ) ;
#1817 = DIRECTION ( 'NONE',  ( 0.8853323061113566039, 0.000000000000000000, 0.4649588237204957952 ) ) ;
#1818 = CARTESIAN_POINT ( 'NONE',  ( 0.4969687316749840100, -7.836778588237780951, -1.114475821595269922 ) ) ;
#1819 = VECTOR ( 'NONE', #2267, 100.0000000000000142 ) ;
#1820 = VECTOR ( 'NONE', #1522, 100.0000000000000000 ) ;
#1821 = CARTESIAN_POINT ( 'NONE',  ( 1.636894360828200057, -7.836778588237780951, -1.165985170546549821 ) ) ;
#1822 = B_SPLINE_CURVE_WITH_KNOTS ( 'NONE', 3,
 ( #111, #1336, #686, #2201, #2025, #456 ),
 .UNSPECIFIED., .F., .F.,
 ( 4, 2, 4 ),
 ( -0.09096970533389810154, -0.04548485715902279847, 0.000000000000000000 ),
 .UNSPECIFIED. ) ;
#1823 = VERTEX_POINT ( 'NONE', #523 ) ;
#1824 = DIRECTION ( 'NONE',  ( 0.000000000000000000, -1.000000000000000000, 0.000000000000000000 ) ) ;
#1825 = DIRECTION ( 'NONE',  ( 0.000000000000000000, -1.000000000000000000, 0.000000000000000000 ) ) ;
#1826 = ORIENTED_EDGE ( 'NONE', *, *, #982, .T. ) ;
#1827 = CARTESIAN_POINT ( 'NONE',  ( -0.3759499067286100060, -7.836778588237780951, -1.571250008128419973 ) ) ;
#1828 = EDGE_CURVE ( 'NONE', #592, #1899, #1372, .T. ) ;
#1829 = ADVANCED_FACE ( 'NONE', ( #300 ), #1710, .F. ) ;
#1830 = DIRECTION ( 'NONE',  ( -1.224646799147339895E-16, 1.000000000000000000, 1.325286320771320103E-30 ) ) ;
#1831 = LINE ( 'NONE', #85, #964 ) ;
#1832 = CARTESIAN_POINT ( 'NONE',  ( 2.481589822140870094, -8.436778588237778820, -2.367060471140149946 ) ) ;
#1833 = CARTESIAN_POINT ( 'NONE',  ( 2.101685340503639754, -7.836778588237780951, -1.810555428015679924 ) ) ;
#1834 = EDGE_CURVE ( 'NONE', #1949, #1629, #1071, .T. ) ;
#1835 = CARTESIAN_POINT ( 'NONE',  ( -0.3797191066144509630, -8.436778588237778820, -1.574894791381280301 ) ) ;
#1836 = VECTOR ( 'NONE', #504, 100.0000000000000000 ) ;
#1837 = CARTESIAN_POINT ( 'NONE',  ( -0.4834182739437489773, -8.436778588237778820, -3.938785501920269994 ) ) ;
#1838 = ORIENTED_EDGE ( 'NONE', *, *, #2198, .F. ) ;
#1839 = CARTESIAN_POINT ( 'NONE',  ( 0.3946075867668490389, -8.436778588237778820, -4.242769370784920113 ) ) ;
#1840 = CARTESIAN_POINT ( 'NONE',  ( -0.3828234519781829603, -7.836778588237780951, -1.579120363808480088 ) ) ;
#1841 = EDGE_CURVE ( 'NONE', #821, #198, #1702, .T. ) ;
#1842 = CARTESIAN_POINT ( 'NONE',  ( 1.484733383869669909, -7.836778588237780951, -4.551486623703429935 ) ) ;
#1843 = DIRECTION ( 'NONE',  ( 1.224646799147339895E-16, -1.000000000000000000, -1.328812179283822000E-30 ) ) ;
#1844 = CARTESIAN_POINT ( 'NONE',  ( 0.4918286806541020684, -7.836778588237780951, -1.115510046473219941 ) ) ;
#1845 = CARTESIAN_POINT ( 'NONE',  ( 0.9099146286865539279, -8.436778588237778820, -0.9788762980412121228 ) ) ;
#1846 = EDGE_CURVE ( 'NONE', #920, #526, #332, .T. ) ;
#1847 = CARTESIAN_POINT ( 'NONE',  ( 1.943909262621420053, -7.836778588237780951, -4.261939322867750235 ) ) ;
#1848 = ORIENTED_EDGE ( 'NONE', *, *, #947, .F. ) ;
#1849 = LINE ( 'NONE', #1495, #1484 ) ;
#1850 = DIRECTION ( 'NONE',  ( 0.8853323061113569370, 0.000000000000000000, 0.4649588237204952956 ) ) ;
#1851 = CARTESIAN_POINT ( 'NONE',  ( -0.3890506320065280077, -7.836778588237780951, -1.593507257377760000 ) ) ;
#1852 = VERTEX_POINT ( 'NONE', #146 ) ;
#1853 = B_SPLINE_CURVE_WITH_KNOTS ( 'NONE', 3,
 ( #484, #1040, #1531, #149, #161, #654 ),
 .UNSPECIFIED., .F., .F.,
 ( 4, 2, 4 ),
 ( -0.09096970533380949187, -0.04548485715897369885, 0.000000000000000000 ),
 .UNSPECIFIED. ) ;
#1854 = AXIS2_PLACEMENT_3D ( 'NONE', #1965, #188, #1411 ) ;
#1855 = CARTESIAN_POINT ( 'NONE',  ( 1.230855815774419826, -8.436778588237778820, -1.225489618308240214 ) ) ;
#1856 = FACE_OUTER_BOUND ( 'NONE', #530, .T. ) ;
#1857 = AXIS2_PLACEMENT_3D ( 'NONE', #760, #1133, #67 ) ;
#1858 = CARTESIAN_POINT ( 'NONE',  ( 0.3562868385893039891, -8.436778588237778820, -4.501344176048969636 ) ) ;
#1859 = CARTESIAN_POINT ( 'NONE',  ( 0.5022099788852240065, -8.436778588237778820, -1.114318498413970016 ) ) ;
#1860 = ORIENTED_EDGE ( 'NONE', *, *, #1828, .F. ) ;
#1861 = DIRECTION ( 'NONE',  ( 0.2972489400295761364, 0.000000000000000000, 0.9548000144801493949 ) ) ;
#1862 = EDGE_CURVE ( 'NONE', #937, #864, #1742, .T. ) ;
#1863 = ORIENTED_EDGE ( 'NONE', *, *, #451, .T. ) ;
#1864 = VECTOR ( 'NONE', #1480, 100.0000000000000000 ) ;
#1865 = DIRECTION ( 'NONE',  ( 0.000000000000000000, 1.000000000000000000, 0.000000000000000000 ) ) ;
#1866 = VECTOR ( 'NONE', #1393, 100.0000000000000000 ) ;
#1867 = CARTESIAN_POINT ( 'NONE',  ( 0.4097425088298089491, -7.836778588237780951, -4.478958235077339367 ) ) ;
#1868 = CARTESIAN_POINT ( 'NONE',  ( -0.9629494371380991069, -8.436778588237778820, -2.469699318151209688 ) ) ;
#1869 = CARTESIAN_POINT ( 'NONE',  ( 2.107553143005739926, -7.836778588237780951, -1.796575311844869960 ) ) ;
#1870 = VERTEX_POINT ( 'NONE', #665 ) ;
#1871 = EDGE_CURVE ( 'NONE', #90, #1300, #1014, .T. ) ;
#1872 = CARTESIAN_POINT ( 'NONE',  ( -1.001104939795570026, -8.436778588237778820, -2.960802325273829805 ) ) ;
#1873 = ORIENTED_EDGE ( 'NONE', *, *, #1090, .F. ) ;
#1874 = CARTESIAN_POINT ( 'NONE',  ( -0.3704844038406748252, -7.836778588237780951, -1.651316266567384394 ) ) ;
#1875 = CARTESIAN_POINT ( 'NONE',  ( 1.081642254328309960, -7.836778588237780951, -4.428203824530090316 ) ) ;
#1876 = EDGE_CURVE ( 'NONE', #712, #1741, #1725, .T. ) ;
#1877 = CARTESIAN_POINT ( 'NONE',  ( -0.7465533038691269940, -7.836778588237780951, -3.282689796325009901 ) ) ;
#1878 = CARTESIAN_POINT ( 'NONE',  ( 2.140260902210286975, -7.836778588237780951, -2.192146957050545630 ) ) ;
#1879 = B_SPLINE_CURVE_WITH_KNOTS ( 'NONE', 3,
 ( #2164, #1658, #767, #1812, #49, #244, #1837, #60, #587, #753 ),
 .UNSPECIFIED., .F., .F.,
 ( 4, 2, 2, 2, 4 ),
 ( -0.06291728948361650919, -0.04718805374543399989, -0.03145948477164729751, -0.01572964766209360155, 0.000000000000000000 ),
 .UNSPECIFIED. ) ;
#1880 = CARTESIAN_POINT ( 'NONE',  ( 2.488497541451959894, -7.836778588237780951, -3.381549751420139582 ) ) ;
#1881 = CARTESIAN_POINT ( 'NONE',  ( 2.051013401444190087, -7.836778588237780951, -1.462335859197829935 ) ) ;
#1882 = CARTESIAN_POINT ( 'NONE',  ( -1.001873864820320037, -8.436778588237778820, -2.979977791332820036 ) ) ;
#1883 = CARTESIAN_POINT ( 'NONE',  ( -0.7048966999133710054, -8.436778588237778820, -2.242108131547730032 ) ) ;
#1884 = DIRECTION ( 'NONE',  ( 0.000000000000000000, 1.000000000000000000, 0.000000000000000000 ) ) ;
#1885 = ORIENTED_EDGE ( 'NONE', *, *, #1111, .F. ) ;
#1886 = CARTESIAN_POINT ( 'NONE',  ( -0.9835978128454899716, -8.436778588237778820, -2.523442159326769740 ) ) ;
#1887 = CARTESIAN_POINT ( 'NONE',  ( 1.928922853348979949, -8.436778588237778820, -4.297331265130310385 ) ) ;
#1888 = ORIENTED_EDGE ( 'NONE', *, *, #1355, .T. ) ;
#1889 = EDGE_CURVE ( 'NONE', #1287, #1937, #1007, .T. ) ;
#1890 = EDGE_LOOP ( 'NONE', ( #1272, #949, #765, #887 ) ) ;
#1891 = ORIENTED_EDGE ( 'NONE', *, *, #582, .F. ) ;
#1892 = DIRECTION ( 'NONE',  ( 1.224646799147339895E-16, -1.000000000000000000, -1.325286320771320103E-30 ) ) ;
#1893 = CIRCLE ( 'NONE', #917, 0.1250000000000001943 ) ;
#1894 = CARTESIAN_POINT ( 'NONE',  ( 1.943909262621420053, -8.436778588237778820, -4.261939322867750235 ) ) ;
#1895 = DIRECTION ( 'NONE',  ( 0.000000000000000000, -1.000000000000000000, 0.000000000000000000 ) ) ;
#1896 = PLANE ( 'NONE',  #1673 ) ;
#1897 = EDGE_LOOP ( 'NONE', ( #1488, #1083, #52, #491 ) ) ;
#1898 = LINE ( 'NONE', #673, #1214 ) ;
#1899 = VERTEX_POINT ( 'NONE', #2063 ) ;
#1900 = ORIENTED_EDGE ( 'NONE', *, *, #115, .F. ) ;
#1901 = EDGE_CURVE ( 'NONE', #751, #1870, #159, .T. ) ;
#1902 = ADVANCED_FACE ( 'NONE', ( #1354 ), #1373, .F. ) ;
#1903 = CARTESIAN_POINT ( 'NONE',  ( 1.484733383869669909, -8.436778588237778820, -4.551486623703429935 ) ) ;
#1904 = CARTESIAN_POINT ( 'NONE',  ( 2.518562055062709693, -8.436778588237778820, -2.383523246124959805 ) ) ;
#1905 = CARTESIAN_POINT ( 'NONE',  ( 2.113857190775600081, -8.436778588237778820, -1.751665065828349910 ) ) ;
#1906 = CARTESIAN_POINT ( 'NONE',  ( -0.9927345488748040570, -8.436778588237778820, -2.751710027089879773 ) ) ;
#1907 = ORIENTED_EDGE ( 'NONE', *, *, #222, .T. ) ;
#1908 = AXIS2_PLACEMENT_3D ( 'NONE', #240, #1647, #941 ) ;
#1909 = EDGE_LOOP ( 'NONE', ( #2256, #1413 ) ) ;
#1910 = CARTESIAN_POINT ( 'NONE',  ( 1.690614450446999761, -7.836778588237780951, -4.183330387891888158 ) ) ;
#1911 = VECTOR ( 'NONE', #1310, 100.0000000000000000 ) ;
#1912 = EDGE_LOOP ( 'NONE', ( #1806, #1932, #2165, #1777 ) ) ;
#1913 = FACE_BOUND ( 'NONE', #338, .T. ) ;
#1914 = DIRECTION ( 'NONE',  ( 0.000000000000000000, -1.000000000000000000, 0.000000000000000000 ) ) ;
#1915 = CARTESIAN_POINT ( 'NONE',  ( 2.514979470200829681, -7.836778588237780951, -2.379687283535599995 ) ) ;
#1916 = CARTESIAN_POINT ( 'NONE',  ( 1.636894360828200057, -8.436778588237778820, -1.165985170546549821 ) ) ;
#1917 = ORIENTED_EDGE ( 'NONE', *, *, #1841, .T. ) ;
#1918 = EDGE_CURVE ( 'NONE', #1540, #1959, #1024, .T. ) ;
#1919 = ORIENTED_EDGE ( 'NONE', *, *, #1345, .T. ) ;
#1920 = CARTESIAN_POINT ( 'NONE',  ( 1.501723086811549868, -7.836778588237780951, -4.542562513245909983 ) ) ;
#1921 = ORIENTED_EDGE ( 'NONE', *, *, #115, .T. ) ;
#1922 = ORIENTED_EDGE ( 'NONE', *, *, #1993, .F. ) ;
#1923 = LINE ( 'NONE', #1757, #550 ) ;
#1924 = DIRECTION ( 'NONE',  ( 0.8853323061113569370, 0.000000000000000000, 0.4649588237204952956 ) ) ;
#1925 = FACE_BOUND ( 'NONE', #75, .T. ) ;
#1926 = DIRECTION ( 'NONE',  ( 0.000000000000000000, 1.000000000000000000, 0.000000000000000000 ) ) ;
#1927 = CARTESIAN_POINT ( 'NONE',  ( 2.439724647104139610, -7.836778588237780951, -3.412852208368170270 ) ) ;
#1928 = LINE ( 'NONE', #337, #987 ) ;
#1929 = ORIENTED_EDGE ( 'NONE', *, *, #671, .T. ) ;
#1930 = ADVANCED_FACE ( 'NONE', ( #372, #868, #1601, #334, #1743, #2130, #1576, #1262 ), #2265, .T. ) ;
#1931 = CARTESIAN_POINT ( 'NONE',  ( 1.545283076769459862, -8.436778588237778820, -1.142719774744340056 ) ) ;
#1932 = ORIENTED_EDGE ( 'NONE', *, *, #1407, .T. ) ;
#1933 = AXIS2_PLACEMENT_3D ( 'NONE', #562, #36, #1999 ) ;
#1934 = EDGE_CURVE ( 'NONE', #2241, #884, #1190, .T. ) ;
#1935 = B_SPLINE_CURVE_WITH_KNOTS ( 'NONE', 3,
 ( #974, #596, #1296, #775, #2172, #681 ),
 .UNSPECIFIED., .F., .F.,
 ( 4, 2, 4 ),
 ( -0.1151452602694140043, -0.05757262976845960167, 0.000000000000000000 ),
 .UNSPECIFIED. ) ;
#1936 = CARTESIAN_POINT ( 'NONE',  ( 2.524325295499189714, -7.836778588237780951, -2.392273626418719878 ) ) ;
#1937 = VERTEX_POINT ( 'NONE', #160 ) ;
#1938 = VECTOR ( 'NONE', #1489, 100.0000000000000000 ) ;
#1939 = B_SPLINE_CURVE_WITH_KNOTS ( 'NONE', 3,
 ( #1006, #1886, #809, #102, #2068, #2055 ),
 .UNSPECIFIED., .F., .F.,
 ( 4, 2, 4 ),
 ( -0.1151452602694350014, -0.05757262976847750402, 0.000000000000000000 ),
 .UNSPECIFIED. ) ;
#1940 = CARTESIAN_POINT ( 'NONE',  ( -0.3759499067286100060, -7.836778588237780951, -1.571250008128419973 ) ) ;
#1941 = CARTESIAN_POINT ( 'NONE',  ( -0.6752862121410889706, -7.836778588237780951, -2.235996400690420050 ) ) ;
#1942 = ORIENTED_EDGE ( 'NONE', *, *, #1846, .T. ) ;
#1943 = DIRECTION ( 'NONE',  ( 0.2199748739264560660, 2.693915252468880872E-17, -0.9755055380883491667 ) ) ;
#1944 = ORIENTED_EDGE ( 'NONE', *, *, #451, .F. ) ;
#1945 = VECTOR ( 'NONE', #2179, 100.0000000000000142 ) ;
#1946 = VERTEX_POINT ( 'NONE', #1117 ) ;
#1947 = EDGE_CURVE ( 'NONE', #1300, #1042, #2150, .T. ) ;
#1948 = CARTESIAN_POINT ( 'NONE',  ( 2.471683699048409899, -8.436778588237778820, -1.965897424559990059 ) ) ;
#1949 = VERTEX_POINT ( 'NONE', #1281 ) ;
#1950 = DIRECTION ( 'NONE',  ( 0.000000000000000000, 1.000000000000000000, 0.000000000000000000 ) ) ;
#1951 = AXIS2_PLACEMENT_3D ( 'NONE', #842, #1865, #287 ) ;
#1952 = VECTOR ( 'NONE', #1019, 100.0000000000000000 ) ;
#1953 = CARTESIAN_POINT ( 'NONE',  ( -0.7323664727402580121, -8.436778588237778820, -3.288044307227740326 ) ) ;
#1954 = CARTESIAN_POINT ( 'NONE',  ( 2.526432575884809850, -8.436778588237778820, -2.397074854579419600 ) ) ;
#1955 = FACE_OUTER_BOUND ( 'NONE', #458, .T. ) ;
#1956 = ORIENTED_EDGE ( 'NONE', *, *, #2198, .T. ) ;
#1957 = CARTESIAN_POINT ( 'NONE',  ( -0.4750071151591480634, -8.436778588237778820, -3.919806061347640203 ) ) ;
#1958 = CARTESIAN_POINT ( 'NONE',  ( -1.001873864820320037, -8.436778588237778820, -2.979977791332820036 ) ) ;
#1959 = VERTEX_POINT ( 'NONE', #594 ) ;
#1960 = VERTEX_POINT ( 'NONE', #574 ) ;
#1961 = EDGE_CURVE ( 'NONE', #2145, #568, #447, .T. ) ;
#1962 = LINE ( 'NONE', #371, #440 ) ;
#1963 = B_SPLINE_CURVE_WITH_KNOTS ( 'NONE', 3,
 ( #1697, #627, #2181, #785, #1317, #465 ),
 .UNSPECIFIED., .F., .F.,
 ( 4, 2, 4 ),
 ( -0.1151452602693650018, -0.05757262976845130276, 0.000000000000000000 ),
 .UNSPECIFIED. ) ;
#1964 = DIRECTION ( 'NONE',  ( 0.000000000000000000, 1.000000000000000000, 0.000000000000000000 ) ) ;
#1965 = CARTESIAN_POINT ( 'NONE',  ( 1.690799163867490185, -7.836778588237780951, -1.472386861300609917 ) ) ;
#1966 = ORIENTED_EDGE ( 'NONE', *, *, #1544, .F. ) ;
#1967 = EDGE_CURVE ( 'NONE', #1309, #563, #929, .T. ) ;
#1968 = CARTESIAN_POINT ( 'NONE',  ( -0.4834182739437489773, -7.836778588237780951, -3.938785501920269994 ) ) ;
#1969 = CIRCLE ( 'NONE', #983, 0.4012853364081462315 ) ;
#1970 = UNCERTAINTY_MEASURE_WITH_UNIT (LENGTH_MEASURE( 1.000000000000000082E-05 ), #1198, 'distance_accuracy_value', 'NONE');
#1971 = CARTESIAN_POINT ( 'NONE',  ( 1.889242864907110242, -7.836778588237780951, -4.339046332991480348 ) ) ;
#1972 = EDGE_LOOP ( 'NONE', ( #1706, #469, #2046, #50 ) ) ;
#1973 = CARTESIAN_POINT ( 'NONE',  ( 1.209016413797610046, -7.836778588237780951, -1.246398340795719983 ) ) ;
#1974 = CARTESIAN_POINT ( 'NONE',  ( 2.016551086939049942, -8.436778588237778820, -3.937208400443640510 ) ) ;
#1975 = ADVANCED_FACE ( 'NONE', ( #2139 ), #1634, .F. ) ;
#1976 = FACE_OUTER_BOUND ( 'NONE', #1131, .T. ) ;
#1977 = CARTESIAN_POINT ( 'NONE',  ( -1.001104939795570026, -8.436778588237778820, -2.960802325273829805 ) ) ;
#1978 = CARTESIAN_POINT ( 'NONE',  ( 2.020989676769890053, -8.436778588237778820, -1.413211279544769994 ) ) ;
#1979 = EDGE_LOOP ( 'NONE', ( #2053, #501, #1192, #877 ) ) ;
#1980 = EDGE_LOOP ( 'NONE', ( #613, #1168 ) ) ;
#1981 = ORIENTED_EDGE ( 'NONE', *, *, #1313, .T. ) ;
#1982 = FACE_BOUND ( 'NONE', #1551, .T. ) ;
#1983 =( NAMED_UNIT ( * ) PLANE_ANGLE_UNIT ( ) SI_UNIT ( $, .RADIAN. ) );
#1984 = VERTEX_POINT ( 'NONE', #55 ) ;
#1985 = AXIS2_PLACEMENT_3D ( 'NONE', #1315, #565, #2004 ) ;
#1986 = CARTESIAN_POINT ( 'NONE',  ( 1.154642965010630018, -7.836778588237780951, -4.479384061968129771 ) ) ;
#1987 = VECTOR ( 'NONE', #1679, 100.0000000000000000 ) ;
#1988 = CARTESIAN_POINT ( 'NONE',  ( -0.6752862121410889706, -8.436778588237778820, -2.235996400690420050 ) ) ;
#1989 = EDGE_CURVE ( 'NONE', #592, #1430, #815, .T. ) ;
#1990 = CARTESIAN_POINT ( 'NONE',  ( -0.3832909482798210199, -8.436778588237778820, -1.628736947018829984 ) ) ;
#1991 = CARTESIAN_POINT ( 'NONE',  ( 0.4969687316749840100, -8.436778588237778820, -1.114475821595269922 ) ) ;
#1992 = ORIENTED_EDGE ( 'NONE', *, *, #76, .F. ) ;
#1993 = EDGE_CURVE ( 'NONE', #22, #1533, #703, .T. ) ;
#1994 = CARTESIAN_POINT ( 'NONE',  ( 0.09207967627749179262, -7.836778588237780951, -1.408386861300610082 ) ) ;
#1995 = DIRECTION ( 'NONE',  ( 0.000000000000000000, 1.000000000000000000, 0.000000000000000000 ) ) ;
#1996 = LINE ( 'NONE', #1683, #2154 ) ;
#1997 = EDGE_CURVE ( 'NONE', #1722, #764, #2135, .T. ) ;
#1998 = DIRECTION ( 'NONE',  ( 0.8853323061113566039, 0.000000000000000000, 0.4649588237204957952 ) ) ;
#1999 = DIRECTION ( 'NONE',  ( 0.8853323061113567150, 0.000000000000000000, 0.4649588237204956842 ) ) ;
#2000 = VECTOR ( 'NONE', #1664, 100.0000000000000000 ) ;
#2001 = ORIENTED_EDGE ( 'NONE', *, *, #2184, .T. ) ;
#2002 = EDGE_CURVE ( 'NONE', #110, #1823, #1831, .T. ) ;
#2003 = EDGE_CURVE ( 'NONE', #1114, #1368, #1074, .T. ) ;
#2004 = DIRECTION ( 'NONE',  ( 0.8853323061113569370, 0.000000000000000000, 0.4649588237204952956 ) ) ;
#2005 = CARTESIAN_POINT ( 'NONE',  ( 0.5175894608601759872, -7.836778588237780951, -1.117358400848160072 ) ) ;
#2006 = VECTOR ( 'NONE', #181, 100.0000000000000000 ) ;
#2007 = CARTESIAN_POINT ( 'NONE',  ( 0.7621129597740180506, -8.436778588237778820, -4.670960804116339737 ) ) ;
#2008 = ORIENTED_EDGE ( 'NONE', *, *, #2087, .F. ) ;
#2009 = CARTESIAN_POINT ( 'NONE',  ( 1.081642254328309960, -8.436778588237778820, -4.428203824530090316 ) ) ;
#2010 = CARTESIAN_POINT ( 'NONE',  ( 1.501723086811549868, -8.436778588237778820, -4.542562513245909983 ) ) ;
#2011 = CARTESIAN_POINT ( 'NONE',  ( 1.690799163867490185, -8.436778588237778820, -1.472386861300609917 ) ) ;
#2012 = AXIS2_PLACEMENT_3D ( 'NONE', #1994, #442, #249 ) ;
#2013 = CIRCLE ( 'NONE', #1729, 0.1250000000000000278 ) ;
#2014 = CARTESIAN_POINT ( 'NONE',  ( 2.109508370955400114, -8.436778588237778820, -1.721744839351090128 ) ) ;
#2015 = ORIENTED_EDGE ( 'NONE', *, *, #959, .T. ) ;
#2016 = CARTESIAN_POINT ( 'NONE',  ( -0.7950832044169708901, -7.836778588237780951, -3.247178253393699698 ) ) ;
#2017 = CARTESIAN_POINT ( 'NONE',  ( 2.253864613936430228, -8.436778588237778820, -3.266324758542219708 ) ) ;
#2018 = LINE ( 'NONE', #1463, #1938 ) ;
#2019 = EDGE_CURVE ( 'NONE', #1095, #863, #2013, .T. ) ;
#2020 = CARTESIAN_POINT ( 'NONE',  ( 1.484733383869669909, -8.436778588237778820, -4.551486623703429935 ) ) ;
#2021 = DIRECTION ( 'NONE',  ( 0.8853323061113566039, 0.000000000000000000, 0.4649588237204958507 ) ) ;
#2022 = EDGE_CURVE ( 'NONE', #884, #1264, #256, .T. ) ;
#2023 = PLANE ( 'NONE',  #1171 ) ;
#2024 = FACE_OUTER_BOUND ( 'NONE', #2070, .T. ) ;
#2025 = CARTESIAN_POINT ( 'NONE',  ( 1.271084762059039974, -7.836778588237780951, -1.204553950395409911 ) ) ;
#2026 = ORIENTED_EDGE ( 'NONE', *, *, #1692, .T. ) ;
#2027 = LINE ( 'NONE', #811, #336 ) ;
#2028 = CARTESIAN_POINT ( 'NONE',  ( -0.2263849731033424906, -7.836778588237780951, -3.382869139543375425 ) ) ;
#2029 = ORIENTED_EDGE ( 'NONE', *, *, #452, .F. ) ;
#2030 = VERTEX_POINT ( 'NONE', #1012 ) ;
#2031 = CIRCLE ( 'NONE', #876, 0.1250000000000001943 ) ;
#2032 = LINE ( 'NONE', #1001, #803 ) ;
#2033 = ADVANCED_FACE ( 'NONE', ( #1340 ), #129, .F. ) ;
#2034 = CARTESIAN_POINT ( 'NONE',  ( 2.501990906542880033, -7.836778588237780951, -2.370909396073749509 ) ) ;
#2035 = CARTESIAN_POINT ( 'NONE',  ( 0.9099146286865539279, -7.836778588237780951, -0.9788762980412121228 ) ) ;
#2036 = CARTESIAN_POINT ( 'NONE',  ( 2.109508370955400114, -8.436778588237778820, -1.721744839351090128 ) ) ;
#2037 = AXIS2_PLACEMENT_3D ( 'NONE', #1408, #229, #19 ) ;
#2038 = EDGE_LOOP ( 'NONE', ( #577, #839, #1244, #267 ) ) ;
#2039 = CARTESIAN_POINT ( 'NONE',  ( 1.943909262621420053, -7.836778588237780951, -4.261939322867750235 ) ) ;
#2040 = CIRCLE ( 'NONE', #98, 0.4012853364081462315 ) ;
#2041 = CARTESIAN_POINT ( 'NONE',  ( 0.4918286806541020684, -7.836778588237780951, -1.115510046473219941 ) ) ;
#2042 = EDGE_CURVE ( 'NONE', #1533, #22, #1108, .T. ) ;
#2043 = VERTEX_POINT ( 'NONE', #1759 ) ;
#2044 = SHAPE_DEFINITION_REPRESENTATION ( #321, #1610 ) ;
#2045 = DIRECTION ( 'NONE',  ( -0.2972489400295793005, -3.640249629571511592E-17, -0.9548000144801482847 ) ) ;
#2046 = ORIENTED_EDGE ( 'NONE', *, *, #1502, .T. ) ;
#2047 = CARTESIAN_POINT ( 'NONE',  ( -0.7323664727402580121, -7.836778588237780951, -3.288044307227740326 ) ) ;
#2048 = CARTESIAN_POINT ( 'NONE',  ( -0.7175261180456999899, -8.436778588237778820, -3.291148911996809812 ) ) ;
#2049 = CARTESIAN_POINT ( 'NONE',  ( 2.020989676769890053, -8.436778588237778820, -1.413211279544769994 ) ) ;
#2050 = AXIS2_PLACEMENT_3D ( 'NONE', #551, #1473, #588 ) ;
#2051 = CARTESIAN_POINT ( 'NONE',  ( 2.501990906542880033, -7.836778588237780951, -2.370909396073749509 ) ) ;
#2052 = FACE_OUTER_BOUND ( 'NONE', #1774, .T. ) ;
#2053 = ORIENTED_EDGE ( 'NONE', *, *, #1365, .F. ) ;
#2054 = ADVANCED_FACE ( 'NONE', ( #1925, #184, #716, #679, #1913, #1982, #1289, #1420 ), #1406, .F. ) ;
#2055 = CARTESIAN_POINT ( 'NONE',  ( -0.9374144211205960309, -8.436778588237778820, -2.440973981600389919 ) ) ;
#2056 = ORIENTED_EDGE ( 'NONE', *, *, #1365, .T. ) ;
#2057 = VERTEX_POINT ( 'NONE', #756 ) ;
#2058 = ORIENTED_EDGE ( 'NONE', *, *, #1732, .F. ) ;
#2059 = B_SPLINE_SURFACE_WITH_KNOTS ( 'NONE', 3, 1, ( 
 ( #1057, #1974 ),
 ( #1245, #1070 ),
 ( #1633, #208 ),
 ( #368, #1277 ),
 ( #1769, #1444 ),
 ( #1598, #891 ) ),
 .UNSPECIFIED., .F., .F., .F.,
 ( 4, 2, 4 ),
 ( 2, 2 ),
 ( -0.09096970533380949187, -0.04548485715897369885, 0.000000000000000000 ),
 ( 0.000000000000000000, 0.5999999999999999778 ),
 .UNSPECIFIED. ) ;
#2060 = EDGE_CURVE ( 'NONE', #1114, #1109, #1112, .T. ) ;
#2061 = CARTESIAN_POINT ( 'NONE',  ( 1.526562554169909935, -7.836778588237780951, -1.146942544819919974 ) ) ;
#2062 = SURFACE_STYLE_FILL_AREA ( #843 ) ;
#2063 = CARTESIAN_POINT ( 'NONE',  ( 2.016551086939049942, -8.436778588237778820, -3.937208400443640510 ) ) ;
#2064 = DIRECTION ( 'NONE',  ( 0.8853323061113567150, 0.000000000000000000, 0.4649588237204959063 ) ) ;
#2065 = DIRECTION ( 'NONE',  ( 0.000000000000000000, 1.000000000000000000, 0.000000000000000000 ) ) ;
#2066 = EDGE_LOOP ( 'NONE', ( #196, #898, #1268, #659 ) ) ;
#2067 = CARTESIAN_POINT ( 'NONE',  ( 2.488497541451959894, -8.436778588237778820, -3.381549751420139582 ) ) ;
#2068 = CARTESIAN_POINT ( 'NONE',  ( -0.9515172353025420637, -8.436778588237778820, -2.453989371583889856 ) ) ;
#2069 = DIRECTION ( 'NONE',  ( 0.000000000000000000, -1.000000000000000000, 0.000000000000000000 ) ) ;
#2070 = EDGE_LOOP ( 'NONE', ( #1352, #934, #1766, #1449 ) ) ;
#2071 = CARTESIAN_POINT ( 'NONE',  ( 0.3769992110152490250, -8.436778588237778820, -4.502745740529880081 ) ) ;
#2072 = CARTESIAN_POINT ( 'NONE',  ( -0.4840567146013680100, -7.836778588237780951, -3.943995292364129490 ) ) ;
#2073 = ORIENTED_EDGE ( 'NONE', *, *, #888, .F. ) ;
#2074 = EDGE_CURVE ( 'NONE', #110, #294, #280, .T. ) ;
#2075 = CARTESIAN_POINT ( 'NONE',  ( 2.055233652719089754, -7.836778588237780951, -1.481056949535999978 ) ) ;
#2076 = VECTOR ( 'NONE', #1895, 100.0000000000000000 ) ;
#2077 = CARTESIAN_POINT ( 'NONE',  ( 1.990682453833349852, -7.836778588237780951, -1.389575411084460033 ) ) ;
#2078 = DIRECTION ( 'NONE',  ( -1.224646799147339895E-16, 1.000000000000000000, 1.398995511602890226E-30 ) ) ;
#2079 = CARTESIAN_POINT ( 'NONE',  ( -0.7175261180456999899, -8.436778588237778820, -3.291148911996809812 ) ) ;
#2080 = EDGE_LOOP ( 'NONE', ( #279, #1547, #2085, #1295 ) ) ;
#2081 = CARTESIAN_POINT ( 'NONE',  ( 1.126556878884320101, -7.836778588237780951, -4.468190137170320320 ) ) ;
#2082 = VERTEX_POINT ( 'NONE', #91 ) ;
#2083 = FACE_OUTER_BOUND ( 'NONE', #1979, .T. ) ;
#2084 = DIRECTION ( 'NONE',  ( 0.000000000000000000, -1.000000000000000000, 0.000000000000000000 ) ) ;
#2085 = ORIENTED_EDGE ( 'NONE', *, *, #1506, .T. ) ;
#2086 = EDGE_CURVE ( 'NONE', #90, #1582, #2176, .T. ) ;
#2087 = EDGE_CURVE ( 'NONE', #1273, #1722, #2027, .T. ) ;
#2088 = DIRECTION ( 'NONE',  ( 0.8853323061113567150, 0.000000000000000000, 0.4649588237204959063 ) ) ;
#2089 = CARTESIAN_POINT ( 'NONE',  ( 2.006905811666679806, -8.436778588237778820, -1.399826870206120066 ) ) ;
#2090 = CARTESIAN_POINT ( 'NONE',  ( -0.7561099532753920993, -8.436778588237778820, -2.273626751916760114 ) ) ;
#2091 = DIRECTION ( 'NONE',  ( 0.8853323061113560488, 0.000000000000000000, 0.4649588237204969055 ) ) ;
#2092 = ORIENTED_EDGE ( 'NONE', *, *, #1993, .T. ) ;
#2093 = AXIS2_PLACEMENT_3D ( 'NONE', #1305, #749, #1817 ) ;
#2094 = CARTESIAN_POINT ( 'NONE',  ( 1.140167109204699880, -7.836778588237780951, -4.474875805982979848 ) ) ;
#2095 = ORIENTED_EDGE ( 'NONE', *, *, #1090, .T. ) ;
#2096 = AXIS2_PLACEMENT_3D ( 'NONE', #799, #2203, #955 ) ;
#2097 = DIRECTION ( 'NONE',  ( 0.000000000000000000, 1.000000000000000000, 0.000000000000000000 ) ) ;
#2098 = VERTEX_POINT ( 'NONE', #1813 ) ;
#2099 = ADVANCED_FACE ( 'NONE', ( #1513 ), #246, .F. ) ;
#2100 = CARTESIAN_POINT ( 'NONE',  ( -0.7950832044169708901, -7.836778588237780951, -3.247178253393699698 ) ) ;
#2101 = B_SPLINE_CURVE_WITH_KNOTS ( 'NONE', 3,
 ( #2067, #1193, #176, #685, #192, #899, #1388, #14, #872, #885 ),
 .UNSPECIFIED., .F., .F.,
 ( 4, 2, 2, 2, 4 ),
 ( -0.06291728948397000420, -0.04718805374564490063, -0.03145948477178579783, -0.01572964766216239374, 0.000000000000000000 ),
 .UNSPECIFIED. ) ;
#2102 = B_SPLINE_SURFACE_WITH_KNOTS ( 'NONE', 3, 1, ( 
 ( #1265, #744 ),
 ( #1426, #1593 ),
 ( #1438, #232 ),
 ( #944, #1637 ),
 ( #362, #548 ),
 ( #2133, #214 ),
 ( #1968, #1763 ),
 ( #1450, #223 ),
 ( #1784, #15 ),
 ( #193, #1957 ) ),
 .UNSPECIFIED., .F., .F., .F.,
 ( 4, 2, 2, 2, 4 ),
 ( 2, 2 ),
 ( -0.06291728948361650919, -0.04718805374543399989, -0.03145948477164729751, -0.01572964766209359808, 0.000000000000000000 ),
 ( 0.000000000000000000, 0.5999999999999999778 ),
 .UNSPECIFIED. ) ;
#2103 = CARTESIAN_POINT ( 'NONE',  ( 2.506641610261890030, -8.436778588237778820, -2.373340767556329833 ) ) ;
#2104 = CARTESIAN_POINT ( 'NONE',  ( 1.579947912183079950, -8.436778588237778820, -4.241450240856949883 ) ) ;
#2105 = EDGE_CURVE ( 'NONE', #58, #1629, #790, .T. ) ;
#2106 = CARTESIAN_POINT ( 'NONE',  ( -0.4443852382969424308, -7.836778588237780951, -3.497358519604945037 ) ) ;
#2107 = VERTEX_POINT ( 'NONE', #978 ) ;
#2108 = DIRECTION ( 'NONE',  ( -1.224646799147339895E-16, 1.000000000000000000, 1.325724576829755970E-30 ) ) ;
#2109 = CARTESIAN_POINT ( 'NONE',  ( -0.2551806046742750023, -8.436778588237778820, -3.832110275989159653 ) ) ;
#2110 = ORIENTED_EDGE ( 'NONE', *, *, #692, .F. ) ;
#2111 = DIRECTION ( 'NONE',  ( -0.6782565980587652588, -8.306247718132441269E-17, 0.7348251405536900815 ) ) ;
#2112 = VERTEX_POINT ( 'NONE', #1804 ) ;
#2113 = LINE ( 'NONE', #405, #771 ) ;
#2114 = CARTESIAN_POINT ( 'NONE',  ( 1.636894360828200057, -7.836778588237780951, -1.165985170546549821 ) ) ;
#2115 = CARTESIAN_POINT ( 'NONE',  ( -0.3828234519781829603, -8.436778588237778820, -1.579120363808480088 ) ) ;
#2116 = CARTESIAN_POINT ( 'NONE',  ( 1.101740412397849811, -7.836778588237780951, -4.450791393730719747 ) ) ;
#2117 = DIRECTION ( 'NONE',  ( 1.224646799147339895E-16, -1.000000000000000000, -1.325286320771320103E-30 ) ) ;
#2118 = ORIENTED_EDGE ( 'NONE', *, *, #844, .F. ) ;
#2119 = CIRCLE ( 'NONE', #1748, 0.4012853364081462315 ) ;
#2120 = DIRECTION ( 'NONE',  ( 0.000000000000000000, 1.000000000000000000, 0.000000000000000000 ) ) ;
#2121 = EDGE_CURVE ( 'NONE', #1197, #1494, #779, .T. ) ;
#2122 = ORIENTED_EDGE ( 'NONE', *, *, #1534, .T. ) ;
#2123 = ORIENTED_EDGE ( 'NONE', *, *, #347, .F. ) ;
#2124 = LINE ( 'NONE', #680, #1785 ) ;
#2125 = ORIENTED_EDGE ( 'NONE', *, *, #1053, .T. ) ;
#2126 = B_SPLINE_SURFACE_WITH_KNOTS ( 'NONE', 3, 1, ( 
 ( #1221, #1564 ),
 ( #1718, #147 ),
 ( #1409, #1233 ),
 ( #171, #1529 ),
 ( #652, #1882 ),
 ( #200, #1977 ) ),
 .UNSPECIFIED., .F., .F., .F.,
 ( 4, 2, 4 ),
 ( 2, 2 ),
 ( -0.1151452602694219979, -0.05757262976847030145, 0.000000000000000000 ),
 ( 0.000000000000000000, 0.5999999999999999778 ),
 .UNSPECIFIED. ) ;
#2127 = CARTESIAN_POINT ( 'NONE',  ( 1.690799163867490185, -8.436778588237778820, -1.472386861300609917 ) ) ;
#2128 = CIRCLE ( 'NONE', #404, 1.743714663591850345 ) ;
#2129 = CARTESIAN_POINT ( 'NONE',  ( -0.7175261180456810051, -7.836778588237780951, -3.291148911996720550 ) ) ;
#2130 = FACE_BOUND ( 'NONE', #1363, .T. ) ;
#2131 = LINE ( 'NONE', #1458, #93 ) ;
#2132 = VERTEX_POINT ( 'NONE', #2016 ) ;
#2133 = CARTESIAN_POINT ( 'NONE',  ( -0.4840567146013680100, -7.836778588237780951, -3.943995292364129490 ) ) ;
#2134 = CARTESIAN_POINT ( 'NONE',  ( -0.6752862121410889706, -7.836778588237780951, -2.235996400690420050 ) ) ;
#2135 = CIRCLE ( 'NONE', #1985, 0.1250000000000001943 ) ;
#2136 = ORIENTED_EDGE ( 'NONE', *, *, #546, .F. ) ;
#2137 = LINE ( 'NONE', #1586, #326 ) ;
#2138 = CARTESIAN_POINT ( 'NONE',  ( -0.7729188051648420155, -8.436778588237778820, -3.267742090784359732 ) ) ;
#2139 = FACE_OUTER_BOUND ( 'NONE', #81, .T. ) ;
#2140 = DIRECTION ( 'NONE',  ( 0.8853323061113560488, 0.000000000000000000, 0.4649588237204969055 ) ) ;
#2141 = ORIENTED_EDGE ( 'NONE', *, *, #1266, .T. ) ;
#2142 = CARTESIAN_POINT ( 'NONE',  ( 0.8360137942302858782, -7.836778588237780951, -2.824918551078780204 ) ) ;
#2143 = EDGE_CURVE ( 'NONE', #751, #529, #999, .T. ) ;
#2144 = CARTESIAN_POINT ( 'NONE',  ( 0.4918286806541020684, -8.436778588237778820, -1.115510046473219941 ) ) ;
#2145 = VERTEX_POINT ( 'NONE', #1328 ) ;
#2146 = CARTESIAN_POINT ( 'NONE',  ( -0.3879662089228799737, -7.836778588237780951, -1.619391730182459854 ) ) ;
#2147 = CARTESIAN_POINT ( 'NONE',  ( -0.7561099532753920993, -7.836778588237780951, -2.273626751916760114 ) ) ;
#2148 = EDGE_CURVE ( 'NONE', #526, #920, #289, .T. ) ;
#2149 = CARTESIAN_POINT ( 'NONE',  ( -0.3832909482798210199, -7.836778588237780951, -1.628736947018829984 ) ) ;
#2150 = LINE ( 'NONE', #971, #1945 ) ;
#2151 = CARTESIAN_POINT ( 'NONE',  ( 2.055233652719089754, -8.436778588237778820, -1.481056949535999978 ) ) ;
#2152 = ORIENTED_EDGE ( 'NONE', *, *, #1239, .F. ) ;
#2153 = ORIENTED_EDGE ( 'NONE', *, *, #1414, .T. ) ;
#2154 = VECTOR ( 'NONE', #272, 100.0000000000000000 ) ;
#2155 = CARTESIAN_POINT ( 'NONE',  ( 0.4097425088298089491, -7.836778588237780951, -4.478958235077339367 ) ) ;
#2156 = CARTESIAN_POINT ( 'NONE',  ( 0.5382838820669400004, -7.836778588237780951, -1.132943868428410106 ) ) ;
#2157 = ORIENTED_EDGE ( 'NONE', *, *, #2159, .T. ) ;
#2158 = CARTESIAN_POINT ( 'NONE',  ( -0.6903272491434659930, -8.436778588237778820, -2.237904792744440208 ) ) ;
#2159 = EDGE_CURVE ( 'NONE', #1470, #1009, #1175, .T. ) ;
#2160 = CIRCLE ( 'NONE', #1503, 0.1250000000000001943 ) ;
#2161 = PLANE ( 'NONE',  #397 ) ;
#2162 = ORIENTED_EDGE ( 'NONE', *, *, #2159, .F. ) ;
#2163 = ORIENTED_EDGE ( 'NONE', *, *, #1285, .F. ) ;
#2164 = CARTESIAN_POINT ( 'NONE',  ( -0.4722848394152010520, -8.436778588237778820, -3.977695855342960218 ) ) ;
#2165 = ORIENTED_EDGE ( 'NONE', *, *, #1234, .F. ) ;
#2166 = CARTESIAN_POINT ( 'NONE',  ( 1.904351557280590024, -8.436778588237778820, -4.326830561434990230 ) ) ;
#2167 = ORIENTED_EDGE ( 'NONE', *, *, #1334, .T. ) ;
#2168 = DIRECTION ( 'NONE',  ( -1.224646799147339895E-16, 1.000000000000000000, 1.317993615341604023E-30 ) ) ;
#2169 = FACE_OUTER_BOUND ( 'NONE', #2080, .T. ) ;
#2170 = EDGE_CURVE ( 'NONE', #1319, #1960, #1849, .T. ) ;
#2171 = DIRECTION ( 'NONE',  ( 0.8853323061113560488, 0.000000000000000000, 0.4649588237204969055 ) ) ;
#2172 = CARTESIAN_POINT ( 'NONE',  ( 1.889242864907110242, -7.836778588237780951, -4.339046332991480348 ) ) ;
#2173 = DIRECTION ( 'NONE',  ( -0.5342408560232518866, 0.000000000000000000, -0.8453323061113559023 ) ) ;
#2174 = CARTESIAN_POINT ( 'NONE',  ( 0.3917777185295899800, -7.836778588237780951, -4.497513571792280729 ) ) ;
#2175 = ORIENTED_EDGE ( 'NONE', *, *, #119, .F. ) ;
#2176 = LINE ( 'NONE', #2194, #37 ) ;
#2177 = CARTESIAN_POINT ( 'NONE',  ( -0.7175261180456999899, -7.836778588237780951, -3.291148911996809812 ) ) ;
#2178 = ORIENTED_EDGE ( 'NONE', *, *, #319, .T. ) ;
#2179 = DIRECTION ( 'NONE',  ( 0.9755055380883500549, 1.194649734770399908E-16, 0.2199748739264520137 ) ) ;
#2180 = FACE_OUTER_BOUND ( 'NONE', #1346, .T. ) ;
#2181 = CARTESIAN_POINT ( 'NONE',  ( 1.564706079894790269, -7.836778588237780951, -1.142225184830079954 ) ) ;
#2182 = APPLICATION_CONTEXT ( 'automotive_design' ) ;
#2183 = CARTESIAN_POINT ( 'NONE',  ( 1.408545216549209833, -7.836778588237780951, -4.558430422454599729 ) ) ;
#2184 = EDGE_CURVE ( 'NONE', #1741, #1237, #253, .T. ) ;
#2185 = LINE ( 'NONE', #796, #1677 ) ;
#2186 = DIRECTION ( 'NONE',  ( 0.000000000000000000, 1.000000000000000000, 0.000000000000000000 ) ) ;
#2187 = CARTESIAN_POINT ( 'NONE',  ( 2.051013401444190087, -7.836778588237780951, -1.462335859197829935 ) ) ;
#2188 = CARTESIAN_POINT ( 'NONE',  ( -0.3903779461006199880, -7.836778588237780951, -1.603901313887710289 ) ) ;
#2189 = CARTESIAN_POINT ( 'NONE',  ( 1.466100212816140003, -7.836778588237780951, -4.556991403996950574 ) ) ;
#2190 = CYLINDRICAL_SURFACE ( 'NONE', #211, 0.1250000000000000278 ) ;
#2191 = AXIS2_PLACEMENT_3D ( 'NONE', #164, #1376, #1747 ) ;
#2192 = CARTESIAN_POINT ( 'NONE',  ( -0.3860231772056409993, -8.436778588237778820, -1.624262053624960345 ) ) ;
#2193 = ORIENTED_EDGE ( 'NONE', *, *, #1526, .T. ) ;
#2194 = CARTESIAN_POINT ( 'NONE',  ( 0.5093573734287120125, -7.836778588237780951, -1.376320618704939935 ) ) ;
#2195 = EDGE_CURVE ( 'NONE', #1738, #568, #1660, .T. ) ;
#2196 = DIRECTION ( 'NONE',  ( 0.000000000000000000, 1.000000000000000000, 0.000000000000000000 ) ) ;
#2197 = ORIENTED_EDGE ( 'NONE', *, *, #1589, .F. ) ;
#2198 = EDGE_CURVE ( 'NONE', #1160, #189, #167, .T. ) ;
#2199 = CARTESIAN_POINT ( 'NONE',  ( 2.486831307962099835, -7.836778588237780951, -2.366931738178370104 ) ) ;
#2200 = DIRECTION ( 'NONE',  ( 1.224646799147339895E-16, -1.000000000000000000, -1.328812179283822000E-30 ) ) ;
#2201 = CARTESIAN_POINT ( 'NONE',  ( 1.256983659148889876, -7.836778588237780951, -1.210130277172900115 ) ) ;
#2202 = ORIENTED_EDGE ( 'NONE', *, *, #1396, .F. ) ;
#2203 = DIRECTION ( 'NONE',  ( 0.000000000000000000, 1.000000000000000000, 0.000000000000000000 ) ) ;
#2204 = LINE ( 'NONE', #2028, #1247 ) ;
#2205 = ADVANCED_FACE ( 'NONE', ( #2083 ), #1033, .F. ) ;
#2206 = ORIENTED_EDGE ( 'NONE', *, *, #1308, .F. ) ;
#2207 = ORIENTED_EDGE ( 'NONE', *, *, #1039, .F. ) ;
#2208 = DIRECTION ( 'NONE',  ( 0.000000000000000000, -1.000000000000000000, 0.000000000000000000 ) ) ;
#2209 = B_SPLINE_CURVE_WITH_KNOTS ( 'NONE', 3,
 ( #1795, #226, #936, #1630, #800, #1699 ),
 .UNSPECIFIED., .F., .F.,
 ( 4, 2, 4 ),
 ( -0.1151452602694350014, -0.05757262976847750402, 0.000000000000000000 ),
 .UNSPECIFIED. ) ;
#2210 = CARTESIAN_POINT ( 'NONE',  ( 2.506641610261890030, -7.836778588237780951, -2.373340767556329833 ) ) ;
#2211 = DIRECTION ( 'NONE',  ( 1.224646799147339895E-16, -1.000000000000000000, -1.328812179283822000E-30 ) ) ;
#2212 = ORIENTED_EDGE ( 'NONE', *, *, #1889, .F. ) ;
#2213 = CARTESIAN_POINT ( 'NONE',  ( -1.001104939795570026, -7.836778588237780951, -2.960802325273829805 ) ) ;
#2214 = CARTESIAN_POINT ( 'NONE',  ( 0.5269001619086930432, -8.436778588237778820, -1.122165585001239974 ) ) ;
#2215 = ORIENTED_EDGE ( 'NONE', *, *, #689, .T. ) ;
#2216 = DIRECTION ( 'NONE',  ( 1.224646799147339895E-16, -1.000000000000000000, -1.325286320771320103E-30 ) ) ;
#2217 = VERTEX_POINT ( 'NONE', #1537 ) ;
#2218 = AXIS2_PLACEMENT_3D ( 'NONE', #212, #919, #1613 ) ;
#2219 = CARTESIAN_POINT ( 'NONE',  ( -0.9988490425123038863, -7.836778588237780951, -2.999170188524470149 ) ) ;
#2220 = CARTESIAN_POINT ( 'NONE',  ( 2.492020647646569831, -8.436778588237778820, -2.367684185072129743 ) ) ;
#2221 = CARTESIAN_POINT ( 'NONE',  ( -0.9629494371380991069, -7.836778588237780951, -2.469699318151209688 ) ) ;
#2222 = VECTOR ( 'NONE', #1161, 100.0000000000000000 ) ;
#2223 = CARTESIAN_POINT ( 'NONE',  ( 2.526432575884809850, -7.836778588237780951, -2.397074854579419600 ) ) ;
#2224 = CYLINDRICAL_SURFACE ( 'NONE', #2257, 0.4012853364081461205 ) ;
#2225 = ORIENTED_EDGE ( 'NONE', *, *, #1313, .F. ) ;
#2226 = VECTOR ( 'NONE', #273, 100.0000000000000142 ) ;
#2227 = CARTESIAN_POINT ( 'NONE',  ( 0.5310927524526629639, -8.436778588237778820, -1.125323386051479968 ) ) ;
#2228 = ORIENTED_EDGE ( 'NONE', *, *, #319, .F. ) ;
#2229 = LINE ( 'NONE', #1689, #2222 ) ;
#2230 = CYLINDRICAL_SURFACE ( 'NONE', #1136, 1.743714663591850345 ) ;
#2231 = ORIENTED_EDGE ( 'NONE', *, *, #623, .T. ) ;
#2232 = CARTESIAN_POINT ( 'NONE',  ( -0.7950832044169708901, -7.836778588237780951, -3.247178253393699698 ) ) ;
#2233 = CARTESIAN_POINT ( 'NONE',  ( 0.3962086998590519382, -7.836778588237780951, -4.494701629967440049 ) ) ;
#2234 = CARTESIAN_POINT ( 'NONE',  ( -0.9790485068951729763, -7.836778588237780951, -2.504552969694589848 ) ) ;
#2235 = CARTESIAN_POINT ( 'NONE',  ( 2.101685340503520294, -7.836778588237780951, -1.810555428015629742 ) ) ;
#2236 = EDGE_LOOP ( 'NONE', ( #103, #73, #311, #707 ) ) ;
#2237 = DIRECTION ( 'NONE',  ( 0.8853323061113566039, 0.000000000000000000, 0.4649588237204958507 ) ) ;
#2238 = EDGE_CURVE ( 'NONE', #1741, #712, #154, .T. ) ;
#2239 = CARTESIAN_POINT ( 'NONE',  ( 1.872251961658249586, -8.436778588237778820, -4.347968157415939672 ) ) ;
#2240 = CARTESIAN_POINT ( 'NONE',  ( -0.4722848394152010520, -7.836778588237780951, -3.977695855342960218 ) ) ;
#2241 = VERTEX_POINT ( 'NONE', #2249 ) ;
#2242 = CARTESIAN_POINT ( 'NONE',  ( -0.01877157540691339749, -7.836778588237780951, -4.177450240856950714 ) ) ;
#2243 = CARTESIAN_POINT ( 'NONE',  ( -0.9835978128454899716, -8.436778588237778820, -2.523442159326769740 ) ) ;
#2244 = CARTESIAN_POINT ( 'NONE',  ( -0.7950832044169708901, -8.436778588237778820, -3.247178253393699698 ) ) ;
#2245 = ORIENTED_EDGE ( 'NONE', *, *, #39, .F. ) ;
#2246 = CARTESIAN_POINT ( 'NONE',  ( 1.285874664354510033, -8.436778588237778820, -1.201217263056290063 ) ) ;
#2247 = DIRECTION ( 'NONE',  ( 0.000000000000000000, -1.000000000000000000, 0.000000000000000000 ) ) ;
#2248 = ORIENTED_EDGE ( 'NONE', *, *, #245, .F. ) ;
#2249 = CARTESIAN_POINT ( 'NONE',  ( 2.481589822140870094, -8.436778588237778820, -2.367060471140149946 ) ) ;
#2250 = LINE ( 'NONE', #1391, #1708 ) ;
#2251 = CARTESIAN_POINT ( 'NONE',  ( -0.9855875505528849390, -7.836778588237780951, -3.035199203275929847 ) ) ;
#2252 = AXIS2_PLACEMENT_3D ( 'NONE', #1383, #636, #650 ) ;
#2253 = CARTESIAN_POINT ( 'NONE',  ( 1.990682453833349852, -7.836778588237780951, -1.389575411084460033 ) ) ;
#2254 = CARTESIAN_POINT ( 'NONE',  ( 2.113857190775600081, -7.836778588237780951, -1.751665065828349910 ) ) ;
#2255 = DIRECTION ( 'NONE',  ( 0.2199748739264560660, 2.693915252468880872E-17, -0.9755055380883491667 ) ) ;
#2256 = ORIENTED_EDGE ( 'NONE', *, *, #1355, .F. ) ;
#2257 = AXIS2_PLACEMENT_3D ( 'NONE', #1612, #1926, #1081 ) ;
#2258 = ORIENTED_EDGE ( 'NONE', *, *, #1255, .T. ) ;
#2259 = CARTESIAN_POINT ( 'NONE',  ( -0.9988490425123038863, -8.436778588237778820, -2.999170188524470149 ) ) ;
#2260 = B_SPLINE_CURVE_WITH_KNOTS ( 'NONE', 3,
 ( #1316, #763, #1294, #1125, #1306, #972, #1481, #952, #464, #1118 ),
 .UNSPECIFIED., .F., .F.,
 ( 4, 2, 2, 2, 4 ),
 ( -0.06291728948397000420, -0.04718805374564490063, -0.03145948477178579783, -0.01572964766216239374, 0.000000000000000000 ),
 .UNSPECIFIED. ) ;
#2261 = ORIENTED_EDGE ( 'NONE', *, *, #1871, .T. ) ;
#2262 = DIRECTION ( 'NONE',  ( -0.2199748739264560660, 0.000000000000000000, 0.9755055380883491667 ) ) ;
#2263 = DIRECTION ( 'NONE',  ( 0.7348251405536877501, 8.999012563120605353E-17, 0.6782565980587678123 ) ) ;
#2264 = EDGE_CURVE ( 'NONE', #1298, #937, #1657, .T. ) ;
#2265 = PLANE ( 'NONE',  #412 ) ;
#2266 = CARTESIAN_POINT ( 'NONE',  ( 2.486831307962099835, -7.836778588237780951, -2.366931738178370104 ) ) ;
#2267 = DIRECTION ( 'NONE',  ( 0.04000000000000557276, 4.898587196588662425E-18, 0.9991996797437434630 ) ) ;
ENDSEC;
END-ISO-10303-21;
